lga,title,url,pages,bytes,section,status,type
Albury,Albury DCP 2010 - as amended 29 Oct 2016,https://s3-ap-southeast-2.amazonaws.com/shared-drupal-s3fs/master-test/fapub_pdf/_R15/Albury%20DCP%202010%20-%20as%20amended%2029%20Oct%202016.pdf,,36712096,in-force,200,application/pdf
Armidale Dumaresq,Armidale Dumaresq DCP as amended October 2020 (PDF),https://www.planningportal.nsw.gov.au/sites/default/files/documents/2022/Armidale%20Dumaresq%20DCP%202012%20updated%20Oct%202020_S-3046.pdf,,24692329,in-force,200,application/pdf
Armidale Dumaresq,Armidale Dumaresq DCP 2012,https://shared-drupal-s3fs.s3-ap-southeast-2.amazonaws.com/master-test/fapub_pdf/ARMIDALE+DUMARESQ/Armidale+Dumaresq+DCP+2012.pdf,408,37859699,in-force,200,application/pdf
Auburn,Auburn DCP 2010 - Amendment 6,https://s3-ap-southeast-2.amazonaws.com/shared-drupal-s3fs/master-test/fapub_pdf/_R15/Auburn%20DCP%202010%20-%20Amendment%206.pdf,,11105687,in-force,200,application/pdf
Auburn,Auburn DCP 2014 - Wentworth Point Precinct.pdf,https://s3-ap-southeast-2.amazonaws.com/shared-drupal-s3fs/master-test/fapub_pdf/_R15/Auburn%20DCP%202014%20-%20Wentworth%20Point%20Precinct.pdf,,2250075,in-force,200,application/pdf
Auburn,Auburn DCP 2016 - Carter Street Precinct,https://s3-ap-southeast-2.amazonaws.com/shared-drupal-s3fs/master-test/fapub_pdf/_R15/Auburn%20DCP%202016%20-%20Carter%20Street%20Precinct.pdf,,1679274,in-force,200,application/pdf
Ballina,Ballina DCP 2012 - as amended 1 Feb 2016,https://s3-ap-southeast-2.amazonaws.com/shared-drupal-s3fs/master-test/fapub_pdf/BALLINA/Ballina%20DCP%202012%20-%20as%20amended%201%20Feb%202016.pdf,475,49686619,in-force,200,application/pdf
Bankstown,Bankstown DCP 2015 - as amended 13 Jul 2016,https://s3-ap-southeast-2.amazonaws.com/shared-drupal-s3fs/master-test/fapub_pdf/BANKSTOWN/Bankstown%20DCP%202015%20-%20as%20amended%2013%20Jul%202016.pdf,,23938699,in-force,200,application/pdf
Bathurst Regional,"Bathurst Regional DCP 2014 Amendments 1 to 22, 24 and 25 (PDF)",https://www.planningportal.nsw.gov.au/sites/default/files/documents/2022/Bathurst%20Regional%20RDCP%202014%20amend%201to%2022%20and%2024%20and%2025%20S-3938.pdf,,8197266,in-force,200,application/pdf
Bathurst Regional,"Bathurst Regional DCP 2014 - Amendments 1 to 22, 24",https://www.planningportal.nsw.gov.au/sites/default/files/documents/2022/FinalBathhurst%20Regional%20DCP%202014%20-%20including%20amend%201-22%20%2B%2024-3835.pdf,,7632958,in-force,200,application/pdf
Bathurst Regional,Bathurst Regional DCP 2014 - as amended 17 Feb 2020,https://shared-drupal-s3fs.s3-ap-southeast-2.amazonaws.com/master-test/fapub_pdf/DCP-CP/BATHURST+REGIONAL/FinalBRDCP+2014+-+including+amend+1-21_S-836.pdf,,7645128,in-force,200,application/pdf
Bega Valley,Bega Valley DCP 2013 - as amended Dec 2020 (PDF),https://www.planningportal.nsw.gov.au/sites/default/files/documents/2022/Bega%20Valley%20Development%20Control%20Plan%202013%2028Dec%20202029_S-3110.pdf,,9027468,in-force,200,application/pdf
Bega Valley,Bega Valley DCP 2013 - as amended Jan 2020,https://shared-drupal-s3fs.s3-ap-southeast-2.amazonaws.com/master-test/fapub_pdf/DCP-CP/BEGA+VALLEY/Bega+Valley+Development+Control+Plan+2013+%2428Jan+2020%2429_S-769.pdf,,8817473,in-force,200,application/pdf
Bellingen,Bellingen DCP 2010 - as amended 2017,https://shared-drupal-s3fs.s3-ap-southeast-2.amazonaws.com/master-test/fapub_pdf/BELLINGEN/Bellingen+Shire+DCP+2017.pdf,,5927276,in-force,200,application/pdf
Berrigan,Berrigan DCP 2014,https://shared-drupal-s3fs.s3-ap-southeast-2.amazonaws.com/master-test/fapub_pdf/BERRIGAN/Development+Control+Plan+2014.pdf,,1035549,in-force,200,application/pdf
Blacktown City Council Growth Centre Precincts,Blacktown City Council Growth Centre Precincts Development Control Plan 2010,https://shared-drupal-s3fs.s3.ap-southeast-2.amazonaws.com/master-test/fapub_pdf/blacktown-city-council-growth-centre-precincts-development-control-plan-2010.pdf,,2730879,in-force,200,application/pdf
Blacktown City Council Growth Centre Precincts,Blacktown City Council Growth Centre Precincts Development Control Plan 2010 – Appendices,https://www.planning.nsw.gov.au/sites/default/files/2023-04/blacktown-city-council-gcp-dcp-2010-appendices.pdf,,1598632,in-force,200,application/pdf
Schedule 1 Alex Avenue Precinct,Schedule 1 Alex Avenue Precinct,https://www.planning.nsw.gov.au/sites/default/files/2023-04/schedule-1-alex-avenue-precinct.pdf,,6800105,in-force,200,application/pdf
Schedule 2 Riverstone Precinct,Schedule 2 Riverstone Precinct,https://www.planning.nsw.gov.au/sites/default/files/2023-04/schedule-2-riverstone-precinct.pdf,,2096370,in-force,200,application/pdf
Schedule 3 Marsden Park Industrial Precinct,Schedule 3 Marsden Park Industrial Precinct,https://www.planning.nsw.gov.au/sites/default/files/2023-04/marsden-park-industrial-precinct-schedule-3.pdf,,4507331,in-force,200,application/pdf
Schedule 4 Cudgegong Road Station (Area 20) Precinct,Schedule 4 Cudgegong Road Station (Area 20) Precinct,https://shared-drupal-s3fs.s3.ap-southeast-2.amazonaws.com/master-test/fapub_pdf/blacktown-city-council-growth-centre-precincts-schedule-4-cudgegong-road-station-area-20-precinct.pdf,,2593371,in-force,200,application/pdf
Schedule 4 Cudgegong Road Station (Area 20) Precinct – Appendix 1,Schedule 4 Cudgegong Road Station (Area 20) Precinct – Appendix 1,https://www.planning.nsw.gov.au/sites/default/files/2023-04/area-20-precinct-public-domain-and-landscape-strategy.pdf,,17962688,in-force,200,application/pdf
Schedule 5 Schofields Precinct,Schedule 5 Schofields Precinct,https://www.planning.nsw.gov.au/sites/default/files/2023-04/schedule-5-schofields-precinct.pdf,,30675302,in-force,200,application/pdf
Schedule 6 Marsden Park Precinct,Schedule 6 Marsden Park Precinct,https://www.planning.nsw.gov.au/sites/default/files/2023-04/schedule-6-marsden-park.pdf,,3962900,in-force,200,application/pdf
Schedule 7 Townson Road Precinct,Schedule 7 Townson Road Precinct,https://www.planning.nsw.gov.au/sites/default/files/2023-04/schedule-7-west-schofields-townson-road-precinct.pdf,,2210460,in-force,200,application/pdf
Schedule 8 Riverstone East Precinct,Schedule 8 Riverstone East Precinct,https://shared-drupal-s3fs.s3.ap-southeast-2.amazonaws.com/master-test/fapub_pdf/DOC21+381409++BCC+Growth+Centre+Precincts+DCP+Schedule+8+Riverstone+East+-+May+2021_CURRENT.pdf,,7096088,in-force,200,application/pdf
Schedule 9 Riverstone East,Schedule 9 Riverstone East - Stage 3 Precinct,https://www.planningportal.nsw.gov.au/sites/default/files/documents/2025/Riverstone%20East%20-%20Stage%203%20DCP_0.pdf,,12448035,in-force,200,application/pdf
Blacktown,Blacktown DCP 2015,https://s3-ap-southeast-2.amazonaws.com/shared-drupal-s3fs/master-test/fapub_pdf/_R15/Blacktown%20DCP%202015.pdf,,25195785,in-force,200,application/pdf
Bland,Bland DCP 2012,https://s3-ap-southeast-2.amazonaws.com/shared-drupal-s3fs/master-test/fapub_pdf/BLAND/Bland%20DCP%202012.pdf,,4163550,in-force,200,application/pdf
Blayney,Blayney Shire Council DCP 2018,https://s3-ap-southeast-2.amazonaws.com/shared-drupal-s3fs/master-test/fapub_pdf/BLAYNEY/Blayney+Shire+Council+DCP+2018.pdf,,17493018,in-force,200,application/pdf
Blue Mountains,Blue Mountains DCP 2005 - Better Living - as amended Jan 2012,https://shared-drupal-s3fs.s3-ap-southeast-2.amazonaws.com/master-test/fapub_pdf/BLUE+MOUNTAINS/BetterLivingDCP-fullversion.pdf,,4570315,in-force,200,application/pdf
Blue Mountains,Blue Mountains DCP 2015,https://shared-drupal-s3fs.s3-ap-southeast-2.amazonaws.com/master-test/fapub_pdf/BLUE+MOUNTAINS/DCP+2015+Amendment+1+-+complete+document.pdf,840,50566010,in-force,200,application/pdf
Blue Mountains,Blue Mountains DCP No. 14 1992 - Sorensen's Nursery Site - as amended 8 Jun 1993,https://s3-ap-southeast-2.amazonaws.com/shared-drupal-s3fs/master-test/fapub_pdf/_R2.0/Blue+Mountains+DCP+No.+14+1992+-+Sorensen&apos;s+Nursery+Site+-+as+amended+8+Jun+1993.pdf,,,in-force,404,application/xml
Blue Mountains,"Blue Mountains DCP No. 15 1992 - Parkland, Govetts Leap Rd Blackheath","https://s3-ap-southeast-2.amazonaws.com/shared-drupal-s3fs/master-test/fapub_pdf/_R15/Blue%20Mountains%20DCP%20No.%2015%201992%20-%20Parkland,%20Govetts%20Leap%20Rd%20Blackheath.pdf",,341636,in-force,200,application/pdf
Blue Mountains,Blue Mountains DCP No. 21 2001 - Advertising and Information Signage,https://shared-drupal-s3fs.s3-ap-southeast-2.amazonaws.com/master-test/fapub_pdf/BLUE+MOUNTAINS/DCP21.pdf,,1489908,in-force,200,application/pdf
Blue Mountains,Blue Mountains DCP No. 31 1999 - Public Infrastructure Works - as amended Mar 2002,https://shared-drupal-s3fs.s3-ap-southeast-2.amazonaws.com/master-test/fapub_pdf/BLUE+MOUNTAINS/DCP31.pdf,,81025,in-force,200,application/pdf
Blue Mountains,Blue Mountains DCP No. 33 2000 - Exempt and Complying Development,https://shared-drupal-s3fs.s3-ap-southeast-2.amazonaws.com/master-test/fapub_pdf/BLUE+MOUNTAINS/DCP33WithNote.pdf,,1966191,in-force,200,application/pdf
Blue Mountains,Blue Mountains DCP No. 5 1988 - Echo Point,https://shared-drupal-s3fs.s3-ap-southeast-2.amazonaws.com/master-test/fapub_pdf/BLUE+MOUNTAINS/EchoPointDCP5.pdf,,252077,in-force,200,application/pdf
Blue Mountains,Blue Mountains DCP No. 9 1988 - Significant Trees,https://shared-drupal-s3fs.s3-ap-southeast-2.amazonaws.com/master-test/fapub_pdf/BLUE+MOUNTAINS/SignificantTreesDCP9.pdf,,47316,in-force,200,application/pdf
Bogan,Bogan DCP 2012 - as amended April 201,https://s3-ap-southeast-2.amazonaws.com/shared-drupal-s3fs/master-test/fapub_pdf/BOGAN/Bogan%20DCP%202012%20-%20as%20amended%20April%202014.pdf,,1340325,in-force,200,application/pdf
7,7,https://shared-drupal-s3fs.s3-ap-southeast-2.amazonaws.com/master-test/fapub_pdf/BOGAN/Bogan-Shire-Council-Development-Control-Plan-2012---FINAL-in-accordance-with-Resolution-112-2017.pdf,,1815481,in-force,200,application/pdf
Bombala,Bombala DCP 2012 - as amended 11 Nov 2019,https://shared-drupal-s3fs.s3-ap-southeast-2.amazonaws.com/master-test/fapub_pdf/DCP-CP/BOMBALA/Bombala+Development+Control+Plan+%2428DCP%2429+2012+-+Amendment+1_S-365.pdf,,2661014,in-force,200,application/pdf
Boorowa,Boorowa DCP 2013 - Version 2.0,https://s3-ap-southeast-2.amazonaws.com/shared-drupal-s3fs/master-test/fapub_pdf/BOOROWA/Boorowa%20DCP%202013%20-%20Version%202.0.pdf,,1913677,in-force,200,application/pdf
Botany Bay,Botany Bay DCP 2013 - as amended 25 Oct 2016,https://s3-ap-southeast-2.amazonaws.com/shared-drupal-s3fs/master-test/fapub_pdf/_R15/Botany%20Bay%20DCP%202013%20-%20as%20amended%2025%20Oct%202016.pdf,,31744951,in-force,200,application/pdf
Bourke,Bourke DCP 2012 - as amended 18 Apr 2016,https://s3-ap-southeast-2.amazonaws.com/shared-drupal-s3fs/master-test/fapub_pdf/BOURKE/Bourke%20DCP%202012%20-%20as%20amended%2018%20Apr%202016.pdf,,833058,in-force,200,application/pdf
Box Hill Growth Centres Precinct,Box Hill Growth Centres Precinct Development Control Plan - 28 June 2021,https://shared-drupal-s3fs.s3.ap-southeast-2.amazonaws.com/master-test/fapub_pdf/Box+Hill+Growth+Centres+Precinct+Development+Control+Plan+-+In+Force+28+June+2021.pdf,,9888387,in-force,200,application/pdf
Braidwood,Braidwood DCP 2006 as amended 10 November 2021 (PDF),https://www.planningportal.nsw.gov.au/sites/default/files/documents/2022/Braidwood%20Development%20Control%20Plan%202006%20-%20amended%20November%202021_S-4180.pdf,,5563591,in-force,200,application/pdf
Brewarrina,Brewarrina DCP 2012,https://s3-ap-southeast-2.amazonaws.com/shared-drupal-s3fs/master-test/fapub_pdf/BREWARRINA/Brewarrina%20DCP%202012.pdf,,395860,in-force,200,application/pdf
Burwood,Burwood DCP 2013 - Amendment 4 August 2018,https://shared-drupal-s3fs.s3-ap-southeast-2.amazonaws.com/master-test/fapub_pdf/BURWOOD/18_38964__Burwood_Development_Control_Plan_Amendment_No._4_-_In_force_from_1_August_2018.pdf,,12320109,in-force,200,application/pdf
Byron Shire,Byron Shire DCP 2014 - as amended 22 March 2021,https://www.planningportal.nsw.gov.au/sites/default/files/documents/2022/Byron%20Shire%20%20DCP%202014%20-%20effective%2022%20March%202021%20S-3111%20%281%29.pdf,,23991911,in-force,200,application/pdf
Byron Shire,Byron Shire DCP 2014 - Amendment 14 (PDF),https://www.planningportal.nsw.gov.au/sites/default/files/documents/2022/Bryon%20Shire%20DCP%202014%20-%20effective%2025%20August%202021_S-3861.pdf,,24454917,in-force,200,application/pdf
Byron Shire,Byron Shire DCP 2010 - as amended 11 Sep 2019,https://shared-drupal-s3fs.s3-ap-southeast-2.amazonaws.com/master-test/fapub_pdf/DCP-CP/BYRON+SHIRE/Combined+DCP+2010+following+amendment+to+Public+Art+Chapter+%26+Part+A+definitions+-+Effective+11+September+2019_S-574.pdf,,21688824,in-force,200,application/pdf
Byron Shire,Byron Shire DCP 2014 - as amended 28 Sep 2020,https://shared-drupal-s3fs.s3-ap-southeast-2.amazonaws.com/master-test/fapub_pdf/DCP-CP/BYRON+SHIRE/Combined+Byron+DCP+2014+-+effective+28+September+2020_S-2293.pdf,,22539602,in-force,200,application/pdf
Byron,Byron Shire Council DCP Part A as amended 4 November 2021,https://www.planningportal.nsw.gov.au/sites/default/files/documents/2022/Combined%20Byron%20DCP%202014%20-%20effective%2025%20November%202021_S-4266-compressed.pdf,,8816843,in-force,200,application/pdf
Byron,Byron Shire Council DCP as amended 26 November 2021,https://www.planningportal.nsw.gov.au/sites/default/files/documents/2022/Byron%20Shire%20%20DCP%202014%20-%20effective%2012%20January%202022_S-4374.pdf,,22087079,in-force,200,application/pdf
Cabonne,Cabonne DCP No. 10 2005 - Molong Flood Prone Land,https://s3-ap-southeast-2.amazonaws.com/shared-drupal-s3fs/master-test/fapub_pdf/CABONNE/Cabonne%20DCP%20No.%2010%202005%20-%20Molong%20Flood%20Prone%20Land.pdf,,206846,in-force,200,application/pdf
Cabonne,Cabonne DCP No. 13 2000 - Advertising Signage in Conservation Areas (Molong and Canowindra),https://s3-ap-southeast-2.amazonaws.com/shared-drupal-s3fs/master-test/fapub_pdf/CABONNE/Cabonne%20DCP%20No.%2013%202000%20-%20Advertising%20Signage%20in%20Conservation%20Areas%20(Molong%20and%20Canowindra).pdf,,1533930,in-force,200,application/pdf
Cabonne,Cabonne DCP No. 15 2005 - Relocatable and Transportable Homes,https://s3-ap-southeast-2.amazonaws.com/shared-drupal-s3fs/master-test/fapub_pdf/CABONNE/Cabonne%20DCP%20No.%2015%202005%20-%20Relocatable%20and%20Transportable%20Homes.pdf,,135602,in-force,200,application/pdf
Cabonne,Cabonne DCP No. 2 1992 - West Canowindra Rural Small Holdings,https://s3-ap-southeast-2.amazonaws.com/shared-drupal-s3fs/master-test/fapub_pdf/CABONNE/Cabonne%20DCP%20No.%202%201992%20-%20West%20Canowindra%20Rural%20Small%20Holdings.pdf,,168146,in-force,200,application/pdf
Cabonne,Cabonne DCP No. 3 1992 - Weemeelah Rural Small Holdings,https://s3-ap-southeast-2.amazonaws.com/shared-drupal-s3fs/master-test/fapub_pdf/CABONNE/Cabonne%20DCP%20No.%203%201992%20-%20Weemeelah%20Rural%20Small%20Holdings.pdf,,149744,in-force,200,application/pdf
Cabonne,Cabonne DCP No. 4 1992 - Longs Corner Road Rural Small Holdings,https://s3-ap-southeast-2.amazonaws.com/shared-drupal-s3fs/master-test/fapub_pdf/CABONNE/Cabonne%20DCP%20No.%204%201992%20-%20Longs%20Corner%20Road%20Rural%20Small%20Holdings.pdf,,226488,in-force,200,application/pdf
Cabonne,Cabonne DCP No. 5 1992 - General Rural Zones,https://s3-ap-southeast-2.amazonaws.com/shared-drupal-s3fs/master-test/fapub_pdf/CABONNE/Cabonne%20DCP%20No.%205%201992%20-%20General%20Rural%20Zones.pdf,,191015,in-force,200,application/pdf
Cabonne,Cabonne DCP No. 6 1992 - Rural Small Holdings,https://s3-ap-southeast-2.amazonaws.com/shared-drupal-s3fs/master-test/fapub_pdf/CABONNE/Cabonne%20DCP%20No.%206%201992%20-%20Rural%20Small%20Holdings.pdf,,465799,in-force,200,application/pdf
Cabonne,Cabonne DCP No. 7 1992 - North Street Canowindra Industrial,https://s3-ap-southeast-2.amazonaws.com/shared-drupal-s3fs/master-test/fapub_pdf/CABONNE/Cabonne%20DCP%20No.%207%201992%20-%20North%20Street%20Canowindra%20Industrial.pdf,,35360,in-force,200,application/pdf
Cabonne,Cabonne DCP No. 8 1995 - North Molong Industry,https://s3-ap-southeast-2.amazonaws.com/shared-drupal-s3fs/master-test/fapub_pdf/CABONNE/Cabonne%20DCP%20No.%208%201995%20-%20North%20Molong%20Industry.pdf,,31470,in-force,200,application/pdf
Cabonne,Cabonne DCP No. 9 1999 - Strathnook Land Rural Small Holdings,https://s3-ap-southeast-2.amazonaws.com/shared-drupal-s3fs/master-test/fapub_pdf/CABONNE/Cabonne%20DCP%20No.%209%201999%20-%20Strathnook%20Land%20Rural%20Small%20Holdings.pdf,,554718,in-force,200,application/pdf
Camden,Camden DCP 2019,https://dcp.camden.nsw.gov.au/download-dcp-2019/,,,in-force,,
Camden Growth Centre Precincts,Camden Growth Centre Precincts DCP,https://www.planningportal.nsw.gov.au/sites/default/files/documents/2022/Camden%20Growth%20Centre%20Precincts%20DCP_0.pdf,,5038149,in-force,200,application/pdf
Camden Growth Growth Centre Precincts,Camden Growth Growth Centre Precincts DCP – Schedule 5 Leppington Precinct,https://shared-drupal-s3fs.s3.ap-southeast-2.amazonaws.com/master-test/fapub_pdf/Camden+Growth+Centre+Precincts+DCP+-+Schedule+5+Leppington+Precinct.pdf,,2033528,in-force,200,application/pdf
Camden Growth Centre Precincts,Camden Growth Centre Precincts DCP – Schedule 6 Lowes Creek Maryland Precinct,https://shared-drupal-s3fs.s3.ap-southeast-2.amazonaws.com/master-test/fapub_pdf/2012.12.17+-+Final+Schedule+6+Lowes+Creek+Maryland+DCP.pdf,,5550940,in-force,200,application/pdf
Campbelltown Growth Centres (East Leppington),Campbelltown Growth Centres (East Leppington) DCP 2013 - Amendment 2,https://s3-ap-southeast-2.amazonaws.com/shared-drupal-s3fs/master-test/fapub_pdf/_R2.0/Campbelltown+Growth+Centres+(East+Leppington)+DCP+2013+-+Amendment+2.pdf,,7129132,in-force,200,application/pdf
Campbelltown Sustainable Cities,Campbelltown Sustainable Cities DCP 2015 - Volume 1 - as amended 8 Nov 2016,https://s3-ap-southeast-2.amazonaws.com/shared-drupal-s3fs/master-test/fapub_pdf/_R2.0/Campbelltown+Sustainable+Cities+DCP+2015+-+Volume+1+-+as+amended+8+Nov+2016.pdf,,42361899,in-force,200,application/pdf
Campbelltown Sustainable Cities,Campbelltown Sustainable Cities DCP 2015 - Volume 2,https://s3-ap-southeast-2.amazonaws.com/shared-drupal-s3fs/master-test/fapub_pdf/_R15/Campbelltown%20Sustainable%20Cities%20DCP%202015%20-%20Volume%202.pdf,,21052479,in-force,200,application/pdf
Campbelltown Sustainable Cities,Campbelltown Sustainable Cities DCP 2015 - Volume 2 - as amended 8 Sep 2017,https://s3-ap-southeast-2.amazonaws.com/shared-drupal-s3fs/master-test/fapub_pdf/_R2.0/Campbelltown+Sustainable+Cities+DCP+2015+-+Volume+2+-+as+amended+8+Sep+2017.pdf,397,70033888,in-force,200,application/pdf
Campbelltown Sustainable Cities,Campbelltown Sustainable Cities DCP 2015 - Volume 3 - as amended 8 Nov 2016,https://s3-ap-southeast-2.amazonaws.com/shared-drupal-s3fs/master-test/fapub_pdf/_R2.0/Campbelltown+Sustainable+Cities+DCP+2015+-+Volume+3+-+as+amended+8+Nov+2016.pdf,,14455090,in-force,200,application/pdf
Canada Bay,Canada Bay DCP 2017 - as amended 19 Nov 2019,https://shared-drupal-s3fs.s3-ap-southeast-2.amazonaws.com/master-test/fapub_pdf/DCP-CP/CANADA+BAY/1439_CanadaBay-DCP_MainDocument_180924_updated_S-526.pdf,,104977760,in-force,200,application/pdf
Canada Bay,Canada Bay DCP 2015 - Rhodes West,https://shared-drupal-s3fs.s3-ap-southeast-2.amazonaws.com/master-test/fapub_pdf/CANADA+BAY/Rhodes+West+Development+Control+Planpdf.pdf,,71743974,in-force,200,application/pdf
Canada Bay,Canada Bay DCP 2014 - Strathfield Triangle,https://shared-drupal-s3fs.s3-ap-southeast-2.amazonaws.com/master-test/fapub_pdf/CANADA+BAY/Strathfield+Triangle+DCP+adopted+April+2013.pdf,,2548218,in-force,200,application/pdf
Canada Bay,Canada Bay DCP 2008 - Single Dwellings on Lots at Breakfast Point,https://s3-ap-southeast-2.amazonaws.com/shared-drupal-s3fs/master-test/fapub_pdf/CANADA%20BAY/Canada%20Bay%20DCP%202008%20-%20Single%20Dwellings%20on%20Lots%20at%20Breakfast%20Point.pdf,,904171,in-force,200,application/pdf
Canada Bay,Canada Bay DCP 2008 - 27 George Street North Strathfield,https://s3-ap-southeast-2.amazonaws.com/shared-drupal-s3fs/master-test/fapub_pdf/CANADA%20BAY/Canada%20Bay%20DCP%202008%20-%2027%20George%20Street%20North%20Strathfield.pdf,,638662,in-force,200,application/pdf
Canada Bay,Canada Bay DCP 2007 - Drummoyne Village,https://shared-drupal-s3fs.s3-ap-southeast-2.amazonaws.com/master-test/fapub_pdf/CANADA+BAY/Drummoyne+Village+DCP+Sept+07.pdf,,32475707,in-force,200,application/pdf
Canada Bay Special Precincts,Canada Bay Special Precincts Development Control Plan - Whole Document,https://shared-drupal-s3fs.s3-ap-southeast-2.amazonaws.com/master-test/fapub_pdf/CANADA+BAY/Special+Precincts+Development+Control+Plan+-+Whole+Document.pdf,,20565907,in-force,200,application/pdf
Central Coast,Central Coast DCP 2022,https://www.centralcoast.nsw.gov.au/plan-and-build/planning-controls/central-coast-development-control-plan-2022,,,in-force,,
Cessnock,Cessnock DCP 2010 - as amended 4 Sept 2013,https://s3-ap-southeast-2.amazonaws.com/shared-drupal-s3fs/master-test/fapub_pdf/CESSNOCK/Cessnock%20DCP%202010%20-%20as%20amended%204%20Sept%202013.pdf,2112,134927665,in-force,200,application/pdf
City of Canada Bay,City of Canada Bay Development Control Plan - as amended 26 August 2022,https://shared-drupal-s3fs.s3.ap-southeast-2.amazonaws.com/master-test/fapub_pdf/NSW+Planning+Portal+Exhibitions/City+of+Canada+Bay+Development+Control+Plan+-+as+amended+26+August+2022_S-5314.pdf,841,123743575,in-force,200,application/pdf
Clarence Valley,Clarence Valley DCP 2011 - Business Zones - as amended 9 Nov 2015,https://s3-ap-southeast-2.amazonaws.com/shared-drupal-s3fs/master-test/fapub_pdf/_R15/Clarence%20Valley%20DCP%202011%20-%20Business%20Zones%20-%20as%20amended%209%20Nov%202015.pdf,,3639061,in-force,200,application/pdf
Clarence Valley,Clarence Valley DCP 2011 - Industrial Zones - as amended 22 Aug 2016,https://s3-ap-southeast-2.amazonaws.com/shared-drupal-s3fs/master-test/fapub_pdf/_R15/Clarence%20Valley%20DCP%202011%20-%20Industrial%20Zones%20-%20as%20amended%2022%20Aug%202016.pdf,,2090687,in-force,200,application/pdf
Clarence Valley,Clarence Valley DCP 2011 - Residential Zones - as amended 22 Aug 2016,https://s3-ap-southeast-2.amazonaws.com/shared-drupal-s3fs/master-test/fapub_pdf/_R15/Clarence%20Valley%20DCP%202011%20-%20Residential%20Zones%20-%20as%20amended%2022%20Aug%202016.pdf,,8839951,in-force,200,application/pdf
Clarence Valley,Clarence Valley DCP 2011 - Rural Zones - as amended 22 Aug 2016,https://s3-ap-southeast-2.amazonaws.com/shared-drupal-s3fs/master-test/fapub_pdf/_R15/Clarence%20Valley%20DCP%202011%20-%20Rural%20Zones%20-%20as%20amended%2022%20Aug%202016.pdf,,3606924,in-force,200,application/pdf
Clarence Valley,Clarence Valley DCP 2011 Business Zones - as amended 29 July 2020 (PDF),https://shared-drupal-s3fs.s3.ap-southeast-2.amazonaws.com/master-test/fapub_pdf/NSW+Planning+Portal+Exhibitions/Clarence+Valley+Council+DCP_29_July_2020_S-5175.pdf,,3846971,in-force,200,application/pdf
Clarence Valley,Clarence Valley Council DCP 2011 Environment Protection and other zones DCP as amended 29 July 2022,https://shared-drupal-s3fs.s3.ap-southeast-2.amazonaws.com/master-test/fapub_pdf/NSW+Planning+Portal+Exhibitions/clarence+Valley+Council+Environment+Protection+and+other+zones+DCP_29_July_2022_S-5176.pdf,,5245237,in-force,200,application/pdf
Clarence Valley,Clarence Valley DCP 2011 Industrial Zones - as amended 29 July 2022 (PDF),https://shared-drupal-s3fs.s3.ap-southeast-2.amazonaws.com/master-test/fapub_pdf/NSW+Planning+Portal+Exhibitions/Clarence+Valley+Council+Industrial+Zones+DCP_29_July_2022_S-5177.pdf,,2160659,in-force,200,application/pdf
Clarence Valley,Clarence Valley DCP 2011 Residential zones - as amended 29 July 2022 (PDF),https://shared-drupal-s3fs.s3.ap-southeast-2.amazonaws.com/master-test/fapub_pdf/NSW+Planning+Portal+Exhibitions/Clarence+Valley+Residential+DCP_29_July_2022_S-5178.pdf,,9090539,in-force,200,application/pdf
Coffs Harbour,Coffs Harbour DCP - Coastal and Hinterland Rural Lands - as amended 7 Feb 2008,https://s3-ap-southeast-2.amazonaws.com/shared-drupal-s3fs/master-test/fapub_pdf/COFFS%20HARBOUR/Coffs%20Harbour%20DCP%20-%20Coastal%20and%20Hinterland%20Rural%20Lands%20-%20as%20amended%207%20Feb%202008.pdf,,2805379,in-force,200,application/pdf
Coffs Harbour,Coffs Harbour DCP 2000 - Business Lands - as amended 4 Sep 2008,https://s3-ap-southeast-2.amazonaws.com/shared-drupal-s3fs/master-test/fapub_pdf/COFFS%20HARBOUR/Coffs%20Harbour%20DCP%202000%20-%20Business%20Lands%20-%20as%20amended%204%20Sep%202008.pdf,,899411,in-force,200,application/pdf
Coffs Harbour,Coffs Harbour DCP 2000 - Complying Development - as amended 7 Aug 2008,https://s3-ap-southeast-2.amazonaws.com/shared-drupal-s3fs/master-test/fapub_pdf/COFFS%20HARBOUR/Coffs%20Harbour%20DCP%202000%20-%20Complying%20Development%20-%20as%20amended%207%20Aug%202008.pdf,,264862,in-force,200,application/pdf
Coffs Harbour,Coffs Harbour DCP 2000 - High Density Housing - as amended 7 Aug 2008,https://s3-ap-southeast-2.amazonaws.com/shared-drupal-s3fs/master-test/fapub_pdf/COFFS%20HARBOUR/Coffs%20Harbour%20DCP%202000%20-%20High%20Density%20Housing%20-%20as%20amended%207%20Aug%202008.pdf,,2493692,in-force,200,application/pdf
Coffs Harbour,Coffs Harbour DCP 2000 - Industrial Lands - as amended 7 Feb 2008,https://s3-ap-southeast-2.amazonaws.com/shared-drupal-s3fs/master-test/fapub_pdf/COFFS%20HARBOUR/Coffs%20Harbour%20DCP%202000%20-%20Industrial%20Lands%20-%20as%20amended%207%20Feb%202008.pdf,,566419,in-force,200,application/pdf
Coffs Harbour,Coffs Harbour DCP 2000 - Low Density Housing - as amended 6 May 2010,https://s3-ap-southeast-2.amazonaws.com/shared-drupal-s3fs/master-test/fapub_pdf/COFFS%20HARBOUR/Coffs%20Harbour%20DCP%202000%20-%20Low%20Density%20Housing%20-%20as%20amended%206%20May%202010.pdf,,1091503,in-force,200,application/pdf
Coffs Harbour,Coffs Harbour DCP 2000 - Medium Density Housing - as amended 7 Feb 2008,https://s3-ap-southeast-2.amazonaws.com/shared-drupal-s3fs/master-test/fapub_pdf/COFFS%20HARBOUR/Coffs%20Harbour%20DCP%202000%20-%20Medium%20Density%20Housing%20-%20as%20amended%207%20Feb%202008.pdf,,557119,in-force,200,application/pdf
Coffs Harbour,Coffs Harbour DCP 2000 - Medium High Density Housing - as amended 7 Feb 2008,https://s3-ap-southeast-2.amazonaws.com/shared-drupal-s3fs/master-test/fapub_pdf/COFFS%20HARBOUR/Coffs%20Harbour%20DCP%202000%20-%20Medium%20High%20Density%20Housing%20-%20as%20amended%207%20Feb%202008.pdf,,599021,in-force,200,application/pdf
Coffs Harbour,Coffs Harbour DCP 2000 - Off Street Car Parking - as amended 11 Oct 2007,https://s3-ap-southeast-2.amazonaws.com/shared-drupal-s3fs/master-test/fapub_pdf/COFFS%20HARBOUR/Coffs%20Harbour%20DCP%202000%20-%20Off%20Street%20Car%20Parking%20-%20as%20amended%2011%20Oct%202007.pdf,,624192,in-force,200,application/pdf
Coffs Harbour,Coffs Harbour DCP 2000 - Rural Lands,https://s3-ap-southeast-2.amazonaws.com/shared-drupal-s3fs/master-test/fapub_pdf/COFFS%20HARBOUR/Coffs%20Harbour%20DCP%202000%20-%20Rural%20Lands.pdf,,662175,in-force,200,application/pdf
Coffs Harbour,Coffs Harbour DCP 2000 - Signs,https://s3-ap-southeast-2.amazonaws.com/shared-drupal-s3fs/master-test/fapub_pdf/COFFS%20HARBOUR/Coffs%20Harbour%20DCP%202000%20-%20Signs.pdf,,999989,in-force,200,application/pdf
Coffs Harbour,Coffs Harbour DCP 2000- Subdivision - as amended 7 Aug 2008,https://s3-ap-southeast-2.amazonaws.com/shared-drupal-s3fs/master-test/fapub_pdf/COFFS%20HARBOUR/Coffs%20Harbour%20DCP%202000-%20Subdivision%20-%20as%20amended%207%20Aug%202008.pdf,,730435,in-force,200,application/pdf
Coffs Harbour,Coffs Harbour DCP 2001 - Boambee Creek,https://s3-ap-southeast-2.amazonaws.com/shared-drupal-s3fs/master-test/fapub_pdf/COFFS%20HARBOUR/Coffs%20Harbour%20DCP%202001%20-%20Boambee%20Creek.pdf,,604897,in-force,200,application/pdf
Coffs Harbour,Coffs Harbour DCP 2001 - Jetty Area - as amended 22 Aug 2007,https://s3-ap-southeast-2.amazonaws.com/shared-drupal-s3fs/master-test/fapub_pdf/COFFS%20HARBOUR/Coffs%20Harbour%20DCP%202001%20-%20Jetty%20Area%20-%20as%20amended%2022%20Aug%202007.pdf,,777075,in-force,200,application/pdf
Coffs Harbour,Coffs Harbour DCP 2001 - North Bonville - as amended 7 Jul 2005,https://s3-ap-southeast-2.amazonaws.com/shared-drupal-s3fs/master-test/fapub_pdf/COFFS%20HARBOUR/Coffs%20Harbour%20DCP%202001%20-%20North%20Bonville%20-%20as%20amended%207%20Jul%202005.pdf,,875943,in-force,200,application/pdf
Coffs Harbour,Coffs Harbour DCP 2002 - Notification,https://s3-ap-southeast-2.amazonaws.com/shared-drupal-s3fs/master-test/fapub_pdf/COFFS%20HARBOUR/Coffs%20Harbour%20DCP%202002%20-%20Notification.pdf,,160316,in-force,200,application/pdf
Coffs Harbour,Coffs Harbour DCP 2002 - Residential Tourist Lands - as amended 4 May 2012,https://s3-ap-southeast-2.amazonaws.com/shared-drupal-s3fs/master-test/fapub_pdf/COFFS%20HARBOUR/Coffs%20Harbour%20DCP%202002%20-%20Residential%20Tourist%20Lands%20-%20as%20amended%204%20May%202012.pdf,,2856539,in-force,200,application/pdf
Coffs Harbour,Coffs Harbour DCP 2003 - Park Beach - as amended 7 Feb 2008,https://s3-ap-southeast-2.amazonaws.com/shared-drupal-s3fs/master-test/fapub_pdf/COFFS%20HARBOUR/Coffs%20Harbour%20DCP%202003%20-%20Park%20Beach%20-%20as%20amended%207%20Feb%202008.pdf,,2915856,in-force,200,application/pdf
Coffs Harbour,Coffs Harbour DCP 2004 - Access and Mobility,https://s3-ap-southeast-2.amazonaws.com/shared-drupal-s3fs/master-test/fapub_pdf/COFFS%20HARBOUR/Coffs%20Harbour%20DCP%202004%20-%20Access%20and%20Mobility.pdf,,340283,in-force,200,application/pdf
Coffs Harbour,Coffs Harbour DCP 2004 - Coramba-Karangi-Upper Orara - as amended 7 Feb 2008,https://s3-ap-southeast-2.amazonaws.com/shared-drupal-s3fs/master-test/fapub_pdf/COFFS%20HARBOUR/Coffs%20Harbour%20DCP%202004%20-%20Coramba-Karangi-Upper%20Orara%20-%20as%20amended%207%20Feb%202008.pdf,,2549673,in-force,200,application/pdf
Coffs Harbour,Coffs Harbour DCP 2004 - Korora Rural Residential -as amended 20 Apr 2006,https://s3-ap-southeast-2.amazonaws.com/shared-drupal-s3fs/master-test/fapub_pdf/COFFS%20HARBOUR/Coffs%20Harbour%20DCP%202004%20-%20Korora%20Rural%20Residential%20-as%20amended%2020%20Apr%202006.pdf,,1879955,in-force,200,application/pdf
Coffs Harbour,Coffs Harbour DCP 2004 - Moonee,https://s3-ap-southeast-2.amazonaws.com/shared-drupal-s3fs/master-test/fapub_pdf/COFFS%20HARBOUR/Coffs%20Harbour%20DCP%202004%20-%20Moonee.pdf,,738960,in-force,200,application/pdf
Coffs Harbour,Coffs Harbour DCP 2004 - Nana Glen-Bucca - as amended 7 Feb 2008,https://s3-ap-southeast-2.amazonaws.com/shared-drupal-s3fs/master-test/fapub_pdf/COFFS%20HARBOUR/Coffs%20Harbour%20DCP%202004%20-%20Nana%20Glen-Bucca%20-%20as%20amended%207%20Feb%202008.pdf,,1852793,in-force,200,application/pdf
Coffs Harbour,Coffs Harbour DCP 2004 - West Coffs,https://s3-ap-southeast-2.amazonaws.com/shared-drupal-s3fs/master-test/fapub_pdf/COFFS%20HARBOUR/Coffs%20Harbour%20DCP%202004%20-%20West%20Coffs.pdf,,3235051,in-force,200,application/pdf
Coffs Harbour,Coffs Harbour DCP 2004 - West Woolgoolga - as amended 28 Nov 2009,https://s3-ap-southeast-2.amazonaws.com/shared-drupal-s3fs/master-test/fapub_pdf/COFFS%20HARBOUR/Coffs%20Harbour%20DCP%202004%20-%20West%20Woolgoolga%20-%20as%20amended%2028%20Nov%202009.pdf,,783912,in-force,200,application/pdf
Coffs Harbour,Coffs Harbour DCP 2005 - Hearnes Lake-Sandy Beach - as amended 7 Feb 2008,https://s3-ap-southeast-2.amazonaws.com/shared-drupal-s3fs/master-test/fapub_pdf/COFFS%20HARBOUR/Coffs%20Harbour%20DCP%202005%20-%20Hearnes%20Lake-Sandy%20Beach%20-%20as%20amended%207%20Feb%202008.pdf,,4021313,in-force,200,application/pdf
Coffs Harbour,Coffs Harbour DCP 2006 - Sawtell Town Centre,https://s3-ap-southeast-2.amazonaws.com/shared-drupal-s3fs/master-test/fapub_pdf/COFFS%20HARBOUR/Coffs%20Harbour%20DCP%202006%20-%20Sawtell%20Town%20Centre.pdf,,1176914,in-force,200,application/pdf
Coffs Harbour,Coffs Harbour DCP 2006 - Waste Management,https://s3-ap-southeast-2.amazonaws.com/shared-drupal-s3fs/master-test/fapub_pdf/COFFS%20HARBOUR/Coffs%20Harbour%20DCP%202006%20-%20Waste%20Management.pdf,,1034227,in-force,200,application/pdf
Coffs Harbour,Coffs Harbour DCP 2008 - North Boambee Valley (East),https://s3-ap-southeast-2.amazonaws.com/shared-drupal-s3fs/master-test/fapub_pdf/COFFS%20HARBOUR/Coffs%20Harbour%20DCP%202008%20-%20North%20Boambee%20Valley%20(East).pdf,,2897843,in-force,200,application/pdf
Coffs Harbour,Coffs Harbour DCP 2009 - Big Banana-Summit Lands,https://s3-ap-southeast-2.amazonaws.com/shared-drupal-s3fs/master-test/fapub_pdf/COFFS%20HARBOUR/Coffs%20Harbour%20DCP%202009%20-%20Big%20Banana-Summit%20Lands.pdf,,354550,in-force,200,application/pdf
Coffs Harbour,Coffs Harbour DCP 2009 - South Coffs,https://s3-ap-southeast-2.amazonaws.com/shared-drupal-s3fs/master-test/fapub_pdf/COFFS%20HARBOUR/Coffs%20Harbour%20DCP%202009%20-%20South%20Coffs.pdf,,6516969,in-force,200,application/pdf
Coffs Harbour,Coffs Harbour DCP 2011 - Coffs Harbour City Centre - as amended 21 Jun 2012,https://s3-ap-southeast-2.amazonaws.com/shared-drupal-s3fs/master-test/fapub_pdf/COFFS%20HARBOUR/Coffs%20Harbour%20DCP%202011%20-%20Coffs%20Harbour%20City%20Centre%20-%20as%20amended%2021%20Jun%202012.pdf,,7440241,in-force,200,application/pdf
Coffs Harbour,Coffs Harbour DCP 2012 - North-Coffs,https://s3-ap-southeast-2.amazonaws.com/shared-drupal-s3fs/master-test/fapub_pdf/COFFS%20HARBOUR/Coffs%20Harbour%20DCP%202012%20-%20North-Coffs.pdf,,2978543,in-force,200,application/pdf
Coffs Harbour,Coffs Harbour DCP 2015,https://s3-ap-southeast-2.amazonaws.com/shared-drupal-s3fs/master-test/fapub_pdf/COFFS%20HARBOUR/Coffs%20Harbour%20DCP%202015.pdf,,12922545,in-force,200,application/pdf
Coolamon,Coolamon DCP 2015,https://s3-ap-southeast-2.amazonaws.com/shared-drupal-s3fs/master-test/fapub_pdf/COOLAMON/Coolamon%20DCP%202015.pdf,,8557080,in-force,200,application/pdf
Cooma-Monaro Shire,Cooma-Monaro Shire DCP (Amendment 4) 17 March 2022 (PDF),https://www.planningportal.nsw.gov.au/sites/default/files/documents/2022/Cooma-Monaro%20Shire%20Development%20Control%20Plan%202014%20Amendment%204_S-4661.pdf,,16145402,in-force,200,application/pdf
Cooma-Monaro Shire,Cooma-Monaro Shire DCP 2014 - as amended 11 Nov 2019,https://shared-drupal-s3fs.s3-ap-southeast-2.amazonaws.com/master-test/fapub_pdf/DCP-CP/COOMA-MONARO/17+14389++Cooma-Monaro+Shire+Development+Control+Plan+2014+Amendment+2_S-364.pdf,,11137777,in-force,200,application/pdf
Coonamble,Coonamble DCP No. 1 - Coonamble Township and Surrounds - as amended 12 Nov 2009,https://s3-ap-southeast-2.amazonaws.com/shared-drupal-s3fs/master-test/fapub_pdf/_R15/Coonamble%20DCP%20No.%201%20-%20Coonamble%20Township%20and%20Surrounds%20-%20as%20amended%2012%20Nov%202009.pdf,,238474,in-force,200,application/pdf
Coonamble,Coonamble DCP No. 2 - Rural Small Holdings,https://s3-ap-southeast-2.amazonaws.com/shared-drupal-s3fs/master-test/fapub_pdf/_R15/Coonamble%20DCP%20No.%202%20-%20Rural%20Small%20Holdings.pdf,,69717,in-force,200,application/pdf
Coonamble,Coonamble DCP No. 3 1996 - Small Cattle Feedlots,https://s3-ap-southeast-2.amazonaws.com/shared-drupal-s3fs/master-test/fapub_pdf/_R15/Coonamble%20DCP%20No.%203%201996%20-%20Small%20Cattle%20Feedlots.pdf,,82078,in-force,200,application/pdf
Coonamble,Coonamble DCP No. 4 1996 - Small Intensive Piggeries,https://s3-ap-southeast-2.amazonaws.com/shared-drupal-s3fs/master-test/fapub_pdf/_R15/Coonamble%20DCP%20No.%204%201996%20-%20Small%20Intensive%20Piggeries.pdf,,80883,in-force,200,application/pdf
Cootamundra,Cootamundra DCP 2013 - as amended 2 Nov 2015.pdf,https://s3-ap-southeast-2.amazonaws.com/shared-drupal-s3fs/master-test/fapub_pdf/COOTAMUNDRA/Cootamundra%20DCP%202013%20-%20as%20amended%202%20Nov%202015.pdf,,1480034,in-force,200,application/pdf
Corowa,Corowa DCP 2013 - as amended 16 Feb 2016,https://s3-ap-southeast-2.amazonaws.com/shared-drupal-s3fs/master-test/fapub_pdf/_R15/Corowa%20DCP%202013%20-%20as%20amended%2016%20Feb%202016.pdf,,2083501,in-force,200,application/pdf
Cowra,Cowra DCP 2014,https://s3-ap-southeast-2.amazonaws.com/shared-drupal-s3fs/master-test/fapub_pdf/COWRA/Cowra%20DCP%202014.pdf,,21576544,in-force,200,application/pdf
Deniliquin,Deniliquin DCP 2016 - as amended 26 Nov 2019,https://shared-drupal-s3fs.s3-ap-southeast-2.amazonaws.com/master-test/fapub_pdf/DCP-CP/DENILIQUIN/ECM_79778_v5_Deniliquin+DCP+2016+-+compiled+adopted_S-441.pdf,,5023330,in-force,200,application/pdf
Dubbo,Dubbo DCP 2013,https://s3-ap-southeast-2.amazonaws.com/shared-drupal-s3fs/master-test/fapub_pdf/_R15/Dubbo%20DCP%202013.pdf,,14331291,in-force,200,application/pdf
Dubbo,Dubbo DCP 2013 - Area Plan 1_Dubbo Residential Estate,https://s3-ap-southeast-2.amazonaws.com/shared-drupal-s3fs/master-test/fapub_pdf/_R15/Dubbo%20DCP%202013%20-%20Area%20Plan%201_Dubbo%20Residential%20Estate.pdf,,1127101,in-force,200,application/pdf
Dubbo,Dubbo DCP 2013 - Area Plan 2_Magnolia Grove Estate,https://s3-ap-southeast-2.amazonaws.com/shared-drupal-s3fs/master-test/fapub_pdf/_R15/Dubbo%20DCP%202013%20-%20Area%20Plan%202_Magnolia%20Grove%20Estate.pdf,,904181,in-force,200,application/pdf
Dungog,Dungog DCP No. 1 - as amended 18 March 2020,https://shared-drupal-s3fs.s3-ap-southeast-2.amazonaws.com/master-test/fapub_pdf/DCP-CP/DUNGOG/Dungog+DCP+No+1_S-1312.pdf,,27886321,in-force,200,application/pdf
Edmondson Park South,Edmondson Park South DCP 2012 - including amendment to Section 8,https://s3-ap-southeast-2.amazonaws.com/shared-drupal-s3fs/master-test/fapub_pdf/_R2.0/Edmondson+Park+South+DCP+2012+-+including+amendment+to+Section+8.pdf,,1867649,in-force,200,application/pdf
Eurobodalla,Eurobodalla DCP 2011 - Batemans Bay Regional Centre,https://s3-ap-southeast-2.amazonaws.com/shared-drupal-s3fs/master-test/fapub_pdf/EUROBODALLA/Eurobodalla%20DCP%202011%20-%20Batemans%20Bay%20Regional%20Centre.pdf,,1429775,in-force,200,application/pdf
Eurobodalla,Eurobodalla DCP 2011 - Industrial Zones,https://s3-ap-southeast-2.amazonaws.com/shared-drupal-s3fs/master-test/fapub_pdf/EUROBODALLA/Eurobodalla%20DCP%202011%20-%20Industrial%20Zones.pdf,,510400,in-force,200,application/pdf
Eurobodalla,Eurobodalla DCP 2011 - Moruya Township - including Amendment 1,https://s3-ap-southeast-2.amazonaws.com/shared-drupal-s3fs/master-test/fapub_pdf/EUROBODALLA/Eurobodalla%20DCP%202011%20-%20Moruya%20Township%20-%20including%20Amendment%201.pdf,,1693592,in-force,200,application/pdf
Eurobodalla,Eurobodalla DCP 2011 - Narooma Township,https://s3-ap-southeast-2.amazonaws.com/shared-drupal-s3fs/master-test/fapub_pdf/EUROBODALLA/Eurobodalla%20DCP%202011%20-%20Narooma%20Township.pdf,,1696732,in-force,200,application/pdf
Eurobodalla,Eurobodalla DCP 2011 - Neighbourhood Centres,https://s3-ap-southeast-2.amazonaws.com/shared-drupal-s3fs/master-test/fapub_pdf/EUROBODALLA/Eurobodalla%20DCP%202011%20-%20Neighbourhood%20Centres.pdf,,1446343,in-force,200,application/pdf
Eurobodalla,Eurobodalla DCP 2011 - Residential Zones,https://s3-ap-southeast-2.amazonaws.com/shared-drupal-s3fs/master-test/fapub_pdf/EUROBODALLA/Eurobodalla%20DCP%202011%20-%20Residential%20Zones.pdf,,1367777,in-force,200,application/pdf
Eurobodalla,Eurobodalla DCP 2012 - Bodalla Village,https://s3-ap-southeast-2.amazonaws.com/shared-drupal-s3fs/master-test/fapub_pdf/EUROBODALLA/Eurobodalla%20DCP%202012%20-%20Bodalla%20Village.pdf,,1167103,in-force,200,application/pdf
Eurobodalla,Eurobodalla DCP 2012 - Nelligen Village,https://s3-ap-southeast-2.amazonaws.com/shared-drupal-s3fs/master-test/fapub_pdf/EUROBODALLA/Eurobodalla%20DCP%202012%20-%20Nelligen%20Village.pdf,,1116603,in-force,200,application/pdf
Eurobodalla,Eurobodalla DCP 2012 - Tilba Villages Conservation Area,https://s3-ap-southeast-2.amazonaws.com/shared-drupal-s3fs/master-test/fapub_pdf/EUROBODALLA/Eurobodalla%20DCP%202012%20-%20Tilba%20Villages%20Conservation%20Area.pdf,,1049976,in-force,200,application/pdf
Eurobodalla,Eurobodalla DCP No. 156 1987 - Rural Subdivision Eurobodalla Shire - as amended 27 Jul 1994,https://s3-ap-southeast-2.amazonaws.com/shared-drupal-s3fs/master-test/fapub_pdf/EUROBODALLA/Eurobodalla%20DCP%20No.%20156%201987%20-%20Rural%20Subdivision%20Eurobodalla%20Shire%20-%20as%20amended%2027%20Jul%201994.pdf,,932675,in-force,200,application/pdf
Fairfield,Fairfield DCP 2004 - Bonnyrigg Town Centre - as amended 3 Nov 2010,https://s3-ap-southeast-2.amazonaws.com/shared-drupal-s3fs/master-test/fapub_pdf/FAIRFIELD/Fairfield%20DCP%202004%20-%20Bonnyrigg%20Town%20Centre%20-%20as%20amended%203%20Nov%202010.pdf,,19559074,in-force,200,application/pdf
Fairfield,Fairfield DCP 2011 - Prairiewood Town Centre Southern Precinct - as amended 31 May 2013,https://s3-ap-southeast-2.amazonaws.com/shared-drupal-s3fs/master-test/fapub_pdf/FAIRFIELD/Fairfield%20DCP%202011%20-%20Prairiewood%20Town%20Centre%20Southern%20Precinct%20-%20as%20amended%2031%20May%202013.pdf,,1017985,in-force,200,application/pdf
Fairfield,Fairfield DCP 2013 - Citywide - Amendment 12,https://s3-ap-southeast-2.amazonaws.com/shared-drupal-s3fs/master-test/fapub_pdf/FAIRFIELD/Fairfield%20DCP%202013%20-%20Citywide%20-%20Amendment%2012.pdf,,10577108,in-force,200,application/pdf
Fairfield,Fairfield DCP 2013 - Fairfield City Centre - as amended 5 Mar 2014,https://s3-ap-southeast-2.amazonaws.com/shared-drupal-s3fs/master-test/fapub_pdf/FAIRFIELD/Fairfield%20DCP%202013%20-%20Fairfield%20City%20Centre%20-%20as%20amended%205%20Mar%202014.pdf,,11749218,in-force,200,application/pdf
Fairfield,Fairfield DCP 2013 - Fairfield City Centre Amendment 4 - 10 December 2021,https://www.planningportal.nsw.gov.au/sites/default/files/documents/2022/Fairfield%20City%20Centre%20DCP%202013%20Amendment%20No.%204%20-%20Effective%2010%2012%202021%20PDF_S-4568.pdf,,11641338,in-force,200,application/pdf
Fairfield,Fairfield DCP 2013 - Fairfield Heights Local Business Centre,https://s3-ap-southeast-2.amazonaws.com/shared-drupal-s3fs/master-test/fapub_pdf/FAIRFIELD/Fairfield%20DCP%202013%20-%20Fairfield%20Heights%20Local%20Business%20Centre.pdf,,1088221,in-force,200,application/pdf
Fairfield,"Fairfield DCP 2014 - Wetherill Park Market Town, Site Specific Development","https://s3-ap-southeast-2.amazonaws.com/shared-drupal-s3fs/master-test/fapub_pdf/FAIRFIELD/Fairfield%20DCP%202014%20-%20Wetherill%20Park%20Market%20Town,%20Site%20Specific%20Development.pdf",,620284,in-force,200,application/pdf
Fairfield,Fairfield DCP No. 37 2006 - Canley Corridor Local Town Centres Canley Vale and Canley Heights - Amendment 9,https://s3-ap-southeast-2.amazonaws.com/shared-drupal-s3fs/master-test/fapub_pdf/FAIRFIELD/Fairfield%20DCP%20No.%2037%202006%20-%20Canley%20Corridor%20Local%20Town%20Centres%20Canley%20Vale%20and%20Canley%20Heights%20-%20Amendment%209.pdf,,12035102,in-force,200,application/pdf
Fairfield,Fairfield DCP No. 5 2000 - Cabramatta Town Centre - Amendment 2,https://s3-ap-southeast-2.amazonaws.com/shared-drupal-s3fs/master-test/fapub_pdf/FAIRFIELD/Fairfield%20DCP%20No.%205%202000%20-%20Cabramatta%20Town%20Centre%20-%20Amendment%202.pdf,,3581401,in-force,200,application/pdf
Forbes,Forbes DCP 2013 - Version 2,https://s3-ap-southeast-2.amazonaws.com/shared-drupal-s3fs/master-test/fapub_pdf/_R15/Forbes%20DCP%202013%20-%20Version%202.pdf,,6123074,in-force,200,application/pdf
Gilgandra,Gilgandra DCP 2011 - as amended 27 Jul 2012,https://s3-ap-southeast-2.amazonaws.com/shared-drupal-s3fs/master-test/fapub_pdf/GILGANDRA/Gilgandra%20DCP%202011%20-%20as%20amended%2027%20Jul%202012.pdf,,1695956,in-force,200,application/pdf
Glen Innes,Glen Innes DCP 2014 - as amended Mar 2015,https://s3-ap-southeast-2.amazonaws.com/shared-drupal-s3fs/master-test/fapub_pdf/GLEN+INNES+SEVERN/Glen+Innes+DCP+2014+-+as+amended+Mar+2015.pdf,,4564791,in-force,200,application/pdf
Glen Innes Severn,Glen Innes Severn DCP 2004 - Deepwater Village Extension,https://s3-ap-southeast-2.amazonaws.com/shared-drupal-s3fs/master-test/fapub_pdf/_R15/Glen%20Innes%20Severn%20DCP%202004%20-%20Deepwater%20Village%20Extension.pdf,,502467,in-force,200,application/pdf
Gloucester,Gloucester DCP 2010 (PDF),https://www.planningportal.nsw.gov.au/sites/default/files/documents/2022/Gloucester%20DCP%20as%20at%2004112021_S-4153.pdf,,6129002,in-force,200,application/pdf
Gosford City Centre,Gosford City Centre DCP 2018 (PDF),https://shared-drupal-s3fs.s3.ap-southeast-2.amazonaws.com/master-test/fapub_pdf/NSW+Planning+Portal+Exhibitions/Gosford+City+Centre+DCP+2018.pdf,,13360763,in-force,200,application/pdf
Goulburn Mulwaree,Goulburn Mulwaree Development Control Plan 2009 - Amendment 18 - effective 23 September 2022 (PDF),https://shared-drupal-s3fs.s3.ap-southeast-2.amazonaws.com/master-test/fapub_pdf/NSW+Planning+Portal+Documents/Goulburn+Mulwaree+Development+Control+Plan+2009+-+Amendment+18+-+effective+23+September+2022_M-94130.pdf,,11816972,in-force,200,application/pdf
Great Lakes,Great Lakes DCP as amended 30 September 2021 (PDF),https://www.planningportal.nsw.gov.au/sites/default/files/documents/2022/Great%20Lakes%20DCP%20as%20at%2004112021_S-4155.pdf,,24244237,in-force,200,application/pdf
Greater Hume,Greater Hume DCP 2013 - as amended 19 March 2014.pdf,https://s3-ap-southeast-2.amazonaws.com/shared-drupal-s3fs/master-test/fapub_pdf/GREATER%20HUME/Greater%20Hume%20DCP%202013%20-%20as%20amended%2019%20March%202014.pdf,,1656270,in-force,200,application/pdf
Greater Taree,Greater Taree DCP 4 November 2021 (PDF),https://www.planningportal.nsw.gov.au/sites/default/files/documents/2022/Greater%20Taree%20DCP%20as%20at%2004112021_S-4154.pdf,,17735044,in-force,200,application/pdf
Greater Taree,Greater Taree DCP 2010,https://www.planningportal.nsw.gov.au/sites/default/files/documents/2022/Greater%20Taree%20DCP%20June%202022_S-5008-compressed.pdf,,18300510,in-force,200,application/pdf
Griffith,Griffith DCP No. 11 1995 - Urban Subdivision,https://s3-ap-southeast-2.amazonaws.com/shared-drupal-s3fs/master-test/fapub_pdf/_R15/Griffith%20DCP%20No.%2011%201995%20-%20Urban%20Subdivision.pdf,,319156,in-force,200,application/pdf
Griffith,Griffith DCP No. 19 1999 - Mixed Development,https://s3-ap-southeast-2.amazonaws.com/shared-drupal-s3fs/master-test/fapub_pdf/_R15/Griffith%20DCP%20No.%2019%201999%20-%20Mixed%20Development.pdf,,917154,in-force,200,application/pdf
Griffith,Griffith DCP No. 22 2000 - Exempt and Complying - as amended 19 Feb 2000,https://s3-ap-southeast-2.amazonaws.com/shared-drupal-s3fs/master-test/fapub_pdf/_R15/Griffith%20DCP%20No.%2022%202000%20-%20Exempt%20and%20Complying%20-%20as%20amended%2019%20Feb%202000.pdf,,5276594,in-force,200,application/pdf
Griffith,Griffith DCP No. 25 2003 - Public Notification of Development Applications,https://s3-ap-southeast-2.amazonaws.com/shared-drupal-s3fs/master-test/fapub_pdf/_R15/Griffith%20DCP%20No.%2025%202003%20-%20Public%20Notification%20of%20Development%20Applications.pdf,,333346,in-force,200,application/pdf
Griffith,Griffith DCP No. 3 1995 - Industrial Development,https://s3-ap-southeast-2.amazonaws.com/shared-drupal-s3fs/master-test/fapub_pdf/_R15/Griffith%20DCP%20No.%203%201995%20-%20Industrial%20Development.pdf,,449668,in-force,200,application/pdf
Griffith,Griffith DCP No.1 2004 - Non Urban Development,https://s3-ap-southeast-2.amazonaws.com/shared-drupal-s3fs/master-test/fapub_pdf/_R15/Griffith%20DCP%20No.1%202004%20-%20Non%20Urban%20Development.pdf,,11697884,in-force,200,application/pdf
Gundagai,Gundagai DCP 2007 - Five Mile Precinct,https://s3-ap-southeast-2.amazonaws.com/shared-drupal-s3fs/master-test/fapub_pdf/_R15/Gundagai%20DCP%202007%20-%20Five%20Mile%20Precinct.pdf,,3673217,in-force,200,application/pdf
Gunnedah,Gunnedah DCP 2012 - amended 7 Jan 2014,https://s3-ap-southeast-2.amazonaws.com/shared-drupal-s3fs/master-test/fapub_pdf/GUNNEDAH/Gunnedah%20DCP%202012%20-%20amended%207%20Jan%202014.pdf,,4091594,in-force,200,application/pdf
Guyra,Guyra DCP 2015 - amended June 2020 (PDF),https://www.planningportal.nsw.gov.au/sites/default/files/documents/2022/Amended%20Guyra%20Development%20Control%20Plan%202015%20-%20June%202020_S-3045.PDF,,2685209,in-force,200,application/pdf
Guyra,Guyra DCP 2015,https://shared-drupal-s3fs.s3-ap-southeast-2.amazonaws.com/master-test/fapub_pdf/ARMIDALE+DUMARESQ/Guyra+Development-Control-Plan-2015.pdf,,2731885,in-force,200,application/pdf
Hawkesbury,Hawkesbury DCP 2002 - as amended 16 Jul 2015,https://s3-ap-southeast-2.amazonaws.com/shared-drupal-s3fs/master-test/fapub_pdf/HAWKESBURY/Hawkesbury%20DCP%202002%20-%20as%20amended%2016%20Jul%202015.pdf,,21893412,in-force,200,application/pdf
Hawkesbury City Council Growth Centres Precinct,Hawkesbury City Council Growth Centres Precinct DCP 2017,https://www.planning.nsw.gov.au/sites/default/files/2023-03/hawkesbury-city-council-growth-centres-precinct-development-control-plan.pdf,,5839354,in-force,200,application/pdf
Holroyd,Holroyd DCP 2013 - as amended 22 Jul 2015,https://s3-ap-southeast-2.amazonaws.com/shared-drupal-s3fs/master-test/fapub_pdf/HOLROYD/Holroyd%20DCP%202013%20-%20as%20amended%2022%20Jul%202015.pdf,,23837881,in-force,200,application/pdf
Hornsby,Hornsby DCP 2013 - 2019,https://shared-drupal-s3fs.s3-ap-southeast-2.amazonaws.com/master-test/fapub_pdf/001_00GX_0J190SOQ28SB_LXKVQRWF.PDF,,29055785,in-force,200,application/pdf
Hunters Hill,Hunters Hill DCP 2013,https://shared-drupal-s3fs.s3-ap-southeast-2.amazonaws.com/master-test/fapub_pdf/Final-DCP-Commencing-12-August-2013-web.pdf,,6502018,in-force,200,application/pdf
Hurstville,Hurstville DCP 2015 - Hurstville City Centre - Amendment 6,https://s3-ap-southeast-2.amazonaws.com/shared-drupal-s3fs/master-test/fapub_pdf/HURSTVILLE/Hurstville%20DCP%202015%20-%20Hurstville%20City%20Centre%20-%20Amendment%206.pdf,,8859476,in-force,200,application/pdf
Hurstville,Hurstville DCP No. 1 2007 - as amended 13 Jul 2016,https://s3-ap-southeast-2.amazonaws.com/shared-drupal-s3fs/master-test/fapub_pdf/HURSTVILLE/Hurstville%20DCP%20No.%201%202007%20-%20as%20amended%2013%20Jul%202016.pdf,,8446171,in-force,200,application/pdf
Hurstville,Hurstville DCP No. 2 2007 - Hurstville City Centre - as amended 9 Aug 2012,https://s3-ap-southeast-2.amazonaws.com/shared-drupal-s3fs/master-test/fapub_pdf/HURSTVILLE/Hurstville%20DCP%20No.%202%202007%20-%20Hurstville%20City%20Centre%20-%20as%20amended%209%20Aug%202012.pdf,,33883231,in-force,200,application/pdf
Inner West Ashfield,Inner West Ashfield DCP 2016 with IWLEP 2023 amendments - CONSOLIDATED,https://shared-drupal-s3fs.s3.ap-southeast-2.amazonaws.com/master-test/fapub_pdf/NSW+Planning+Portal+Exhibitions/Inner+West+Ashfield+DCP+2016+with+IWLEP+2023+amendments+-+CONSOLIDATED+(1).pdf,965,65879885,in-force,200,application/pdf
Inverell,Inverell DCP 2013,https://s3-ap-southeast-2.amazonaws.com/shared-drupal-s3fs/master-test/fapub_pdf/INVERELL/Inverell%20DCP%202013.pdf,,13193245,in-force,200,application/pdf
Jerilderie,Jerilderie DCP 2012,https://s3-ap-southeast-2.amazonaws.com/shared-drupal-s3fs/master-test/fapub_pdf/JERILDERIE/Jerilderie%20DCP%202012.pdf,,1340169,in-force,200,application/pdf
Kempsey,Kempsey DCP 2026 (PDF),https://www.planningportal.nsw.gov.au/sites/default/files/documents/2026/KSC_DCP_2026_Ver0.pdf,,12146047,in-force,200,application/pdf
Kiama,Kiama DCP 2020,https://shared-drupal-s3fs.s3.ap-southeast-2.amazonaws.com/master-test/fapub_pdf/Kiama+Development+Control+Plan+2020.pdf,,27756050,in-force,200,application/pdf
Kogarah,Kogarah DCP 2013,https://s3-ap-southeast-2.amazonaws.com/shared-drupal-s3fs/master-test/fapub_pdf/KOGARAH/Kogarah%20DCP%202013.pdf,,22107509,in-force,200,application/pdf
Ku-ring-gai,Ku-ring-gai DCP - in effect as of 27 August 2021,https://shared-drupal-s3fs.s3.ap-southeast-2.amazonaws.com/master-test/fapub_pdf/Ku-ring-gai+DCP+2021+Adopted+17.08.2021+Effective+27.08.2021_S-3821.pdf,,291985702,in-force,200,application/pdf
Ku-ring-gai,Ku-ring-gai DCP 2021 Amendment 2 - 15 June 2021,https://shared-drupal-s3fs.s3.ap-southeast-2.amazonaws.com/master-test/fapub_pdf/Ku-ring-gai+Development+Control+Plan+2021+Adopted+15.06.2021+amendment+2+consolidated_S-3955.pdf,1287,296857537,in-force,200,application/pdf
Ku-ring-gai,Ku-ring-gai DCP in effect as of 5 October 2022,https://shared-drupal-s3fs.s3.ap-southeast-2.amazonaws.com/master-test/fapub_pdf/NSW+Planning+Portal+Exhibitions/Ku-ring-gai+DCP+-+Effective+05-10-22_S-5463.PDF,,244412847,in-force,200,application/pdf
Kyogle,Kyogle DCP 2014 - as amended April 2021,https://www.planningportal.nsw.gov.au/sites/default/files/documents/2022/Kyogle%20DCP%202014%20April%202021_S-3708.pdf,,2635384,in-force,200,application/pdf
Kyogle,Kyogle DCP 2014 - Version 5,https://shared-drupal-s3fs.s3-ap-southeast-2.amazonaws.com/master-test/fapub_pdf/INVERELL/Kyogle-Development-Control-Plan-2014.pdf,,1518461,in-force,200,application/pdf
Lachlan Shire,Lachlan Shire DCP 2018 - as amended 11 Dec 2019,https://shared-drupal-s3fs.s3-ap-southeast-2.amazonaws.com/master-test/fapub_pdf/DCP-CP/LACHLAN/Lachlan+Shire+DCP+2018+-+Version+1_S-1365.pdf,,782045,in-force,200,application/pdf
Lake Macquarie,Lake Macquarie DCP 2014 (Revision 27) as amended 9 August 2021,https://www.planningportal.nsw.gov.au/sites/default/files/documents/2022/Lake%20Macquarie%20DCP%202014%20Revision%2027%20S-3873.pdf,,25145431,in-force,200,application/pdf
Lake Macquarie,Lake Macquarie DCP 2014 (Revision 26) as amended 26 July 2021,https://www.planningportal.nsw.gov.au/sites/default/files/documents/2022/Lake%20Macquarie%20DCP%202014%20-%20Revision%2026%20-%20Adopted%2026%20July%202021_0.pdf,,17712218,in-force,200,application/pdf
Lake Macquarie,Lake Macquarie DCP 2014 (Revision 25) - as amended 28 Sep 2020,https://shared-drupal-s3fs.s3-ap-southeast-2.amazonaws.com/master-test/fapub_pdf/DCP-CP/LAKE+MACQUARIE/Lake+Macquarie+Development+Control+Plan+2014+-+Revision+25+Adopted+28+September+2020.pdf,1167,116792212,in-force,200,application/pdf
Lake Macquarie,Lake Macquarie DCP 2012 - Catherine Hill Bay (South),https://s3-ap-southeast-2.amazonaws.com/shared-drupal-s3fs/master-test/fapub_pdf/_R15/Lake%20Macquarie%20DCP%202012%20-%20Catherine%20Hill%20Bay%20(South).pdf,,18626846,in-force,200,application/pdf
Lake Macquarie,Lake Macquarie DCP No. 1 2004 - Principles of Development - Revision 11,https://s3-ap-southeast-2.amazonaws.com/shared-drupal-s3fs/master-test/fapub_pdf/_R15/Lake%20Macquarie%20DCP%20No.%201%202004%20-%20Principles%20of%20Development%20-%20Revision%2011.pdf,,26973521,in-force,200,application/pdf
Lake Munmorah Urban Release Area,Lake Munmorah Urban Release Area DCP 2022 (PDF),https://shared-drupal-s3fs.s3.ap-southeast-2.amazonaws.com/master-test/fapub_pdf/NSW+Planning+Portal+Exhibitions/Lake+Munmorah+Urban+Release+Area+DCP+2022.pdf,,1364991,in-force,200,application/pdf
Lane Cove,Lane Cove DCP 2009 - as amended 24 Feb 2016,https://s3-ap-southeast-2.amazonaws.com/shared-drupal-s3fs/master-test/fapub_pdf/_R15/Lane%20Cove%20DCP%202009%20-%20as%20amended%2024%20Feb%202016.pdf,,11994298,in-force,200,application/pdf
Leichhardt,Leichhardt DCP 2013 with IWLEP 2023 amendments - CONSOLIDATED (PDF),https://shared-drupal-s3fs.s3.ap-southeast-2.amazonaws.com/master-test/fapub_pdf/NSW+Planning+Portal+Exhibitions/Leichhardt+DCP+2013+with+IWLEP+2023+amendments+-+CONSOLIDATED+(1).pdf,747,58717205,in-force,200,application/pdf
Lismore,Lismore DCP Part A Chapter 6 as amended November 2021,https://www.planningportal.nsw.gov.au/sites/default/files/documents/2022/Lismore%20Chapter%206%20VillageS-4192.PDF,,7124683,in-force,200,application/pdf
Lismore,Lismore DCP 2007 - for Land where Lismore LEP 2000 applies,https://s3-ap-southeast-2.amazonaws.com/shared-drupal-s3fs/master-test/fapub_pdf/LISMORE/Lismore%20DCP%202007%20-%20for%20Land%20where%20Lismore%20LEP%202000%20applies.pdf,,11123020,in-force,200,application/pdf
Lismore,Lismore DCP 2007 - for Land where Lismore LEP 2012 applies - as amended 4 Aug 2016,https://s3-ap-southeast-2.amazonaws.com/shared-drupal-s3fs/master-test/fapub_pdf/LISMORE/Lismore%20DCP%202007%20-%20for%20Land%20where%20Lismore%20LEP%202012%20applies%20-%20as%20amended%204%20Aug%202016.pdf,747,39733895,in-force,200,application/pdf
Lithgow,Lithgow City Council DCP 2021 (PDF),https://pp.planningportal.nsw.gov.au/sites/default/files/documents/2022/Lithgow%20City%20Council%20Development%20Control%20Plan%202021-opt_S-3888.pdf,,14304105,in-force,200,application/pdf
Lithgow,Lithgow City Council DCP 2021 as amended 17 November 2021,https://www.planningportal.nsw.gov.au/sites/default/files/documents/2022/Lithgow%20City%20Council%20Development%20Control%20Plan%202021_S-4238%20%281%29_compressed.pdf,,10665763,in-force,200,application/pdf
Lithgow,Lithgow DCP 1997 - Off Street Car Parking,https://s3-ap-southeast-2.amazonaws.com/shared-drupal-s3fs/master-test/fapub_pdf/_R15/Lithgow%20DCP%201997%20-%20Off%20Street%20Car%20Parking.pdf,,304600,in-force,200,application/pdf
Liverpool Growth Centre Precincts,Liverpool Growth Centre Precincts DCP – Schedule 2 Leppington Major Centre,https://shared-drupal-s3fs.s3.ap-southeast-2.amazonaws.com/master-test/fapub_pdf/Liverpool+Growth+Centre+Precincts+DCP+-+FULL.pdf,,8279577,in-force,200,application/pdf
Liverpool Growth Centre,Liverpool Growth Centre DCP Schedule 3 East Leppington,https://www.planningportal.nsw.gov.au/sites/default/files/documents/2022/Liverpool%20Growth%20Centre%20Precincts%20DCP%20-%20Schedule%203%20%2428East%20Leppington%2429_S-4781.pdf,,5058534,in-force,200,application/pdf
Liverpool,Liverpool City Council DCP Amendment 34 Dec 2019,https://shared-drupal-s3fs.s3-ap-southeast-2.amazonaws.com/master-test/fapub_pdf/LIVERPOOL/Liverpool+City+Council+DCP+Amendment+34+Dec+2019.pdf,1317,50624424,in-force,200,application/pdf
Liverpool Growth Centre Precincts,Liverpool Growth Centre Precincts DCP Schedule 1 June 2021,https://shared-drupal-s3fs.s3.ap-southeast-2.amazonaws.com/master-test/fapub_pdf/Liverpool+Growth+Centre+Precincts+DCP+Schedule+1+June+2021_S-3453.pdf,,14663393,in-force,200,application/pdf
Liverpool Growth Centre Precincts,Liverpool Growth Centre Precincts DCP Main Body 2021,https://shared-drupal-s3fs.s3.ap-southeast-2.amazonaws.com/master-test/fapub_pdf/Liverpool+Growth+Centre+Precincts+DCP+Main+Body+June+2021_S-3453.PDF,,6773295,in-force,200,application/pdf
Liverpool Plains Shire,Liverpool Plains Shire DCP 2012 - as amended 26 Feb 2020,https://shared-drupal-s3fs.s3-ap-southeast-2.amazonaws.com/master-test/fapub_pdf/DCP-CP/LIVERPOOL+PLAINS/Development+Control+Plan+-+Amdt+No.+4+-+Adopted+26+February+2020_S-1407.pdf,,5058068,in-force,200,application/pdf
Maitland,Maitland DCP - 21 December 2018,https://s3-ap-southeast-2.amazonaws.com/shared-drupal-s3fs/master-test/fapub_pdf/MAITLAND/Maitland+DCP+-+21+December+2018.pdf,893,71346765,in-force,200,application/pdf
Maitland,Maitland DCP 2011 - as amended 21 Jul 2016,https://s3-ap-southeast-2.amazonaws.com/shared-drupal-s3fs/master-test/fapub_pdf/MAITLAND/Maitland%20DCP%202011%20-%20as%20amended%2021%20Jul%202016.pdf,,63824740,in-force,200,application/pdf
Marrickville,Marrickville DCP 2011 - as amended 9 September 2022,https://shared-drupal-s3fs.s3.ap-southeast-2.amazonaws.com/master-test/fapub_pdf/NSW+Planning+Portal+Exhibitions/Marrickville+DCP+2011+-+as+amended+9+September+2022_S-5457.pdf,1396,125843645,in-force,200,application/pdf
Marrickville,Marrickville DCP 2011 with IWLEP amendments 2023 - CONSOLIDATED (PDF),https://shared-drupal-s3fs.s3.ap-southeast-2.amazonaws.com/master-test/fapub_pdf/NSW+Planning+Portal+Exhibitions/Marrickville+DCP+2011+with+IWLEP+amendments+2023+-+CONSOLIDATED+(1).pdf,,125163879,in-force,200,application/pdf
Melrose Park North Site-Specific,Melrose Park North Site-Specific DCP 11 October 2021 (PDF),https://www.planningportal.nsw.gov.au/sites/default/files/documents/2022/FINAL%20Melrose%20Park%20North%20SS%20DCP%20261021_S-4112.pdf,,6642729,in-force,200,application/pdf
Mosman,Mosman DCP 2012 as amended May 2022,https://www.planningportal.nsw.gov.au/sites/default/files/documents/2022/Mosman%20Residential%20DCP%202012%20-%20version%20MAY2022_S-4860.pdf,,16184781,in-force,200,application/pdf
Newcastle,Newcastle DCP 2012 Version 22,https://www.planningportal.nsw.gov.au/sites/default/files/documents/2022/Version%2022_Final%20Newcastle%20DCP%202012_Combined_Operational%20190321-compressed.pdf,,14945175,in-force,200,application/pdf
North Kellyville Precinct,North Kellyville Precinct DCP 2018,https://shared-drupal-s3fs.s3.ap-southeast-2.amazonaws.com/master-test/fapub_pdf/Final+North+Kellyville+Precinct+Development+Control+Plan+2018+(22+April+....pdf,,8413698,in-force,200,application/pdf
North Sydney,North Sydney DCP as amended 13 June 2025 (PDF),https://shared-drupal-s3fs.s3.ap-southeast-2.amazonaws.com/master-test/s3fs-public/dpe-public/documents/NSW%2BPlanning%2BPortal%2Bexhibitions%2B/NSDCP+2013_Whole_20250613_As+amended_S-6726.pdf,,27072294,in-force,200,application/pdf
Northern Beaches: Manly,Northern Beaches: Manly DCP 2013 – as amended 18 Jan 2021,https://shared-drupal-s3fs.s3.ap-southeast-2.amazonaws.com/master-test/fapub_pdf/Manly+DCP+2013+(1).pdf,,13670078,in-force,200,application/pdf
Mamre Road Precinct,Mamre Road Precinct DCP 2021,https://www.planningportal.nsw.gov.au/sites/default/files/documents/2021/Mamre%20Road%20Precinct%20DCP%202021_0.pdf,,6160879,in-force,200,application/pdf
Mid-Western Regional,Mid-Western Regional DCP 2013 - amendment 5,https://shared-drupal-s3fs.s3-ap-southeast-2.amazonaws.com/master-test/fapub_pdf/DCP-CP/MID-WESTERN+REGIONAL/DCP+Amendment+5+-+Final+DCP+-+September+2020_S-2125.pdf,,1645270,in-force,200,application/pdf
Moree Plains,Moree Plains DCP 2013 - including Amendment adopted 9 May 2013,https://s3-ap-southeast-2.amazonaws.com/shared-drupal-s3fs/master-test/fapub_pdf/_R15/Moree%20Plains%20DCP%202013%20-%20including%20Amendment%20adopted%209%20May%202013.pdf,,9310020,in-force,200,application/pdf
Mosman,Mosman DCP 2012 - Business Centres - as amended 19 Dec 2013,https://shared-drupal-s3fs.s3-ap-southeast-2.amazonaws.com/master-test/fapub_pdf/MOSMAN/Mosman+Business+Centres+DCP+2018+-+amended+JUNE2018.pdf,,5263968,in-force,200,application/pdf
Mosman,Mosman DCP 2012 - Open Space and Infrastructure,https://shared-drupal-s3fs.s3-ap-southeast-2.amazonaws.com/master-test/fapub_pdf/MOSMAN/Mosman+Open+Space+and+Infrastructure+DCP+2018+-+amended+JUNE2018.pdf,,4277498,in-force,200,application/pdf
Mosman,Mosman DCP 2012 - Residential - as amended 12 Dec 2014,https://shared-drupal-s3fs.s3-ap-southeast-2.amazonaws.com/master-test/fapub_pdf/MOSMAN/Mosman+Residential+DCP+2018+-+amended+JUNE2018-compressed.pdf,,7301376,in-force,200,application/pdf
Murrumbidgee,Murrumbidgee DCP 1995 - Village,https://s3-ap-southeast-2.amazonaws.com/shared-drupal-s3fs/master-test/fapub_pdf/MURRUMBIDGEE/Murrumbidgee%20DCP%201995%20-%20Village.pdf,,984171,in-force,200,application/pdf
Nambucca,Nambucca DCP 2010 - as amended 1 Jul 2013,https://s3-ap-southeast-2.amazonaws.com/shared-drupal-s3fs/master-test/fapub_pdf/NAMBUCCA/Nambucca%20DCP%202010%20-%20as%20amended%201%20Jul%202013.pdf,,17893106,in-force,200,application/pdf
Narrandera,Narrandera DCP 2013,https://s3-ap-southeast-2.amazonaws.com/shared-drupal-s3fs/master-test/fapub_pdf/_R15/Narrandera%20DCP%202013.pdf,,13248397,in-force,200,application/pdf
Narromine,Narromine DCP 2011,https://s3-ap-southeast-2.amazonaws.com/shared-drupal-s3fs/master-test/fapub_pdf/_R15/Narromine%20DCP%202011.pdf,,5901578,in-force,200,application/pdf
Newcastle,Newcastle DCP 2012 - as amended 25 Nov 2019,https://shared-drupal-s3fs.s3-ap-southeast-2.amazonaws.com/master-test/fapub_pdf/DCP-CP/NEWCASTLE/Newcastle+DCP+2012_Operational+251119_S-549.pdf,,27071324,in-force,200,application/pdf
Lismore,Lismore DCP Part A Chapter 6 Village - as amended November 2021,https://www.planningportal.nsw.gov.au/sites/default/files/documents/2022/Lismore%20Chapter%206%20VillageS-4192.PDF,,7124683,in-force,200,application/pdf
Lismore,Lismore DCP Part B Chapter 6 -October 2021 (PDF),https://www.planningportal.nsw.gov.au/sites/default/files/documents/2022/Nimbin%20Village%20DCP%20adopted_S-4194.PDF,,3884940,in-force,200,application/pdf
North Kellyville Growth Centres Precinct,North Kellyville Growth Centres Precinct Development Control Plan - 28 June 2021,https://shared-drupal-s3fs.s3.ap-southeast-2.amazonaws.com/master-test/fapub_pdf/North+Kellyville+Growth+Centres+Precinct+Development+Control+Plan+-+In+Force+-+28+June.pdf,,8328355,in-force,200,application/pdf
Northern Beaches: Manly,Northern Beaches: Manly DCP 2013 – as amended 18 Jan 2021,https://shared-drupal-s3fs.s3.ap-southeast-2.amazonaws.com/master-test/fapub_pdf/Manly+DCP+2013+(1).pdf,,13670078,in-force,200,application/pdf
Northern Beaches: Pittwater 21,Northern Beaches: Pittwater 21 DCP 2004 – as amended 18 Jan 2021,https://shared-drupal-s3fs.s3.ap-southeast-2.amazonaws.com/master-test/fapub_pdf/Pittwater+21+DCP+(1).pdf,,11067485,in-force,200,application/pdf
Northern Beaches: Warringah,Northern Beaches: Warringah DCP 2011 – as amended 18 Jan 2021,https://shared-drupal-s3fs.s3.ap-southeast-2.amazonaws.com/master-test/fapub_pdf/Warringah+DCP+2011+(1).pdf,,7644548,in-force,200,application/pdf
North Kellyville,North Kellyville DCP in force 22 April 2022,https://shared-drupal-s3fs.s3.ap-southeast-2.amazonaws.com/master-test/fapub_pdf/Final+North+Kellyville+Precinct+Development+Control+Plan+2018+(22+April+....pdf,,8413698,in-force,200,application/pdf
North Sydney,North Sydney DCP 2013 as amended 6 January 2023,https://shared-drupal-s3fs.s3.ap-southeast-2.amazonaws.com/master-test/fapub_pdf/NSW+Planning+Portal+Exhibitions/NSDCP+2013_As+amended_20230106_S-5548.pdf,,25710566,in-force,200,application/pdf
North Sydney,North Sydney DCP 2013 as amended 20 October 2022 (PDF),https://shared-drupal-s3fs.s3.ap-southeast-2.amazonaws.com/master-test/fapub_pdf/NSW+Planning+Portal+Exhibitions/North+Sydney+DCP+2013_As+Amended_20+October+2022_S-5401.pdf,,24079898,in-force,200,application/pdf
North Sydney,North Sydney DCP 2013 - as amended 17 Nov 2020,https://shared-drupal-s3fs.s3-ap-southeast-2.amazonaws.com/master-test/fapub_pdf/DCP-CP/NORTH+SYDNEY/NSDCP+2013+%2428Whole%2429_S-2444.pdf,,23615780,in-force,200,application/pdf
Oberon,Oberon DCP 2001 - Amendment 9,https://s3-ap-southeast-2.amazonaws.com/shared-drupal-s3fs/master-test/fapub_pdf/OBERON/Oberon%20DCP%202001%20-%20Amendment%209.pdf,,2735043,in-force,200,application/pdf
Orange,Orange DCP 2004 - as amended 24 Dec 2015,https://s3-ap-southeast-2.amazonaws.com/shared-drupal-s3fs/master-test/fapub_pdf/ORANGE/Orange%20DCP%202004%20-%20as%20amended%2024%20Dec%202015.pdf,,22892011,in-force,200,application/pdf
Oran Park,Oran Park DCP,https://www.camden.nsw.gov.au/assets/pdfs/Planning/DCP-Website-Files/19-261321-Newly-Adopted-Oran-Park-DCP-with-Part-B4-Northern-Neighbourhood-Centre-3-September-20194.pdf,,8049494,in-force,200,application/pdf
Palerang,Palerang DCP 2015 - as amended 2020,https://shared-drupal-s3fs.s3-ap-southeast-2.amazonaws.com/master-test/fapub_pdf/DCP-CP/PALERANG/Palerang+Council-Development+Control+Plan+2015+amended+2020_S-1149.pdf,,4541310,in-force,200,application/pdf
Parkes,Parkes DCP 2021 (PDF),https://www.planningportal.nsw.gov.au/sites/default/files/documents/2022/Parkes%20Shire%20DCP_S-4000.pdf,,24549204,in-force,200,application/pdf
Parkes,Parkes DCP 2013,https://s3-ap-southeast-2.amazonaws.com/shared-drupal-s3fs/master-test/fapub_pdf/PARKES/Parkes%20DCP%202013.pdf,,10227879,in-force,200,application/pdf
Parramatta,Parramatta DCP 2023,https://shared-drupal-s3fs.s3.ap-southeast-2.amazonaws.com/master-test/fapub_pdf/NSW%2BPlanning%2BPortal%2BDocuments/Parramatta_DCP_2023-A5-Book_Version_compressed.pdf,1621,94563254,in-force,200,application/pdf
Penrith,Penrith DCP- 2014 Volume 1 - as amended December 2020 (PDF),https://www.planningportal.nsw.gov.au/sites/default/files/documents/2022/December%202020%20DCP%202014%20Volume%201%20Parts%20A%20B%20C%20D_S-2735.pdf,,24513741,in-force,200,application/pdf
Penrith,Penrith DCP-2014 Volume 2 - as amended December 2020 (PDF),https://www.planningportal.nsw.gov.au/sites/default/files/documents/2022/December%202020%20DCP%202014%20Volume%202%20Parts%20E%20and%20F_S-2735.pdf,,13750358,in-force,200,application/pdf
Penrith,Penrith DCP - 2014 Amendment 5 2019,https://s3-ap-southeast-2.amazonaws.com/shared-drupal-s3fs/master-test/fapub_pdf/PENRITH/Penrith+DCP+-+2014+Amendment+5+2019.pdf,,22050546,in-force,200,application/pdf
Penrith,Penrith DCP - 2014 Key Precints Amendment 5 2019,https://s3-ap-southeast-2.amazonaws.com/shared-drupal-s3fs/master-test/fapub_pdf/PENRITH/Penrith+DCP+-+2014+Key+Precints+Amendment+5+2019.pdf,965,71024801,in-force,200,application/pdf
Penrith,Penrith DCP 2014 - Volume 1 - as amended 7 Jul 2016,https://s3-ap-southeast-2.amazonaws.com/shared-drupal-s3fs/master-test/fapub_pdf/PENRITH/Penrith%20DCP%202014%20-%20Volume%201%20-%20as%20amended%207%20Jul%202016.pdf,,21502686,in-force,200,application/pdf
Penrith,Penrith DCP 2014 - Volume 2 - as amended 19 Feb 2016,https://s3-ap-southeast-2.amazonaws.com/shared-drupal-s3fs/master-test/fapub_pdf/PENRITH/Penrith%20DCP%202014%20-%20Volume%202%20-%20as%20amended%2019%20Feb%202016.pdf,,36517401,in-force,200,application/pdf
Peralang,Peralang DCP 2015 as amended 10 November 2021 (PDF),https://www.planningportal.nsw.gov.au/sites/default/files/documents/2022/Palerang%20Development%20Control%20Plan%20%202015%20Nov%202021_S-4179.pdf,,4752207,in-force,200,application/pdf
Port Macquarie-Hastings,Port Macquarie-Hastings DCP 2013 - as amended June 2021,https://shared-drupal-s3fs.s3.ap-southeast-2.amazonaws.com/master-test/fapub_pdf/PMHC+DCP.pdf,489,52014397,in-force,200,application/pdf
Port Stephens,Port Stephens DCP 2014 - as amended 12 May 2020,https://shared-drupal-s3fs.s3-ap-southeast-2.amazonaws.com/master-test/fapub_pdf/DCP-CP/PORT+STEPHENS/Port+Stephens+DCP+%2428Amendment+13%2429_S-1304.PDF,,19325474,in-force,200,application/pdf
Queanbeyan,Queanbeyan DCP 2015 - South Jerrabomberra,https://s3-ap-southeast-2.amazonaws.com/shared-drupal-s3fs/master-test/fapub_pdf/_R15/Queanbeyan%20DCP%202015%20-%20South%20Jerrabomberra.pdf,,5891805,in-force,200,application/pdf
Queanbeyan Comprehensive,Queanbeyan Comprehensive DCP 2012 - as amended 29 April 2020,https://shared-drupal-s3fs.s3-ap-southeast-2.amazonaws.com/master-test/fapub_pdf/DCP-CP/QUEANBEYAN/QDCP+2012+-+as+amended+April+2020_S-1270.pdf,,6437865,in-force,200,application/pdf
Queanbeyan-Palerang: Googong,Queanbeyan-Palerang: Googong DCP 2010 - as amended 27 May 2020,https://shared-drupal-s3fs.s3-ap-southeast-2.amazonaws.com/master-test/fapub_pdf/DCP-CP/QUEANBEYAN/Googong+DCP+2010+-+amended+May+2020_S-1329.pdf,,30999563,in-force,200,application/pdf
Randwick,Randwick DCP 2013 - as amended Apr 2016,https://s3-ap-southeast-2.amazonaws.com/shared-drupal-s3fs/master-test/fapub_pdf/_R15/Randwick%20DCP%202013%20-%20as%20amended%20Apr%202016.pdf,,33256784,in-force,200,application/pdf
Randwick,Randwick DCP 2013 - including Amendment adopted 12 Apr 2016,https://s3-ap-southeast-2.amazonaws.com/shared-drupal-s3fs/master-test/fapub_pdf/_R15/Randwick%20DCP%202013%20-%20including%20Amendment%20adopted%2012%20Apr%202016.pdf,,33256784,in-force,200,application/pdf
Richmond Valley,Richmond Valley Development Control Plan 2021,https://shared-drupal-s3fs.s3.ap-southeast-2.amazonaws.com/master-test/fapub_pdf/Richmond+Valley+DCP+2021+-+Commence+1+August+2021_S-3531.pdf,,14032236,in-force,200,application/pdf
Riverstone West,Riverstone West DCP 2009,https://www.planning.nsw.gov.au/sites/default/files/2023-04/riverstone-west-development-control-plan.pdf,,4368548,in-force,200,application/pdf
Rockdale,Rockdale DCP 2011 -as amended 5 Jun 2015,https://s3-ap-southeast-2.amazonaws.com/shared-drupal-s3fs/master-test/fapub_pdf/ROCKDALE/Rockdale%20DCP%202011%20-as%20amended%205%20Jun%202015.pdf,,9050410,in-force,200,application/pdf
Ropes Creek Precinct,Ropes Creek Precinct DCP 2022 (PDF),https://www.planningportal.nsw.gov.au/sites/default/files/documents/2022/Ropes%20Creek%20Precinct%20DCP%20Final%2020220725.pdf,,2480408,in-force,200,application/pdf
Ryde,Ryde DCP 2013 - North Ryde Station Precinct - as amended 13 Jan 2016.pdf,https://s3-ap-southeast-2.amazonaws.com/shared-drupal-s3fs/master-test/fapub_pdf/RYDE/Ryde%20DCP%202013%20-%20North%20Ryde%20Station%20Precinct%20-%20as%20amended%2013%20Jan%202016.pdf,,6407992,in-force,200,application/pdf
Ryde,Ryde DCP 2014 - as amended 10 Aug 2016,https://s3-ap-southeast-2.amazonaws.com/shared-drupal-s3fs/master-test/fapub_pdf/RYDE/Ryde%20DCP%202014%20-%20as%20amended%2010%20Aug%202016.pdf,1347,101503637,in-force,200,application/pdf
Shellharbour,Shellharbour DCP 2013 - as amended 10 July 2025,https://shared-drupal-s3fs.s3.ap-southeast-2.amazonaws.com/master-test/fapub_pdf/SHELLHARBOUR/FINAL+DCP+Amendment+5.pdf,,33001224,in-force,200,application/pdf
Shoalhaven,Shoalhaven DCP 2014,https://dcp2014.shoalhaven.nsw.gov.au/main-category/whole-document,,,in-force,,
Singleton,Singleton DCP 2014,https://s3-ap-southeast-2.amazonaws.com/shared-drupal-s3fs/master-test/fapub_pdf/SINGLETON/Singleton%20DCP%202014.pdf,,7213871,in-force,200,application/pdf
Snowy Valley,Snowy Valley DCP,https://www.planningportal.nsw.gov.au/sites/default/files/documents/2026/SVC%20DCP%202024_M-741006.pdf,,5205239,in-force,200,application/pdf
Snowy River,Snowy River DCP 2013 - as amended 11 Nov 2019,https://shared-drupal-s3fs.s3-ap-southeast-2.amazonaws.com/master-test/fapub_pdf/DCP-CP/SNOWY+RIVER/SR+LEP+2013+Amendment+1_S-366.pdf,,9372829,in-force,200,application/pdf
Snowy River,Snowy River DCP 2013 Amendment 2,https://www.planningportal.nsw.gov.au/sites/default/files/documents/2022/Snowy%20River%20DCP%20Amendment%202_S-4662.pdf,,11434137,in-force,200,application/pdf
South Jerrabomberra,South Jerrabomberra DCP 2015 (PDF),https://www.planningportal.nsw.gov.au/sites/default/files/documents/2022/SJ%20DCP%202015%20Combine_S-2945.pdf,,8190292,in-force,200,application/pdf
Strathfield,Strathfield DCP 2005 - as amended 18 Sept 2026,https://shared-drupal-s3fs.s3.ap-southeast-2.amazonaws.com/master-test/fapub_pdf/STRATHFIELD/Strathfield+Consolidated+DCP+2005+(Amended+03.09.26)_PEH-2988+(1).pdf,380,39096564,in-force,200,application/pdf
Sutherland,Sutherland DCP - Landscape - Edition 3,https://s3-ap-southeast-2.amazonaws.com/shared-drupal-s3fs/master-test/fapub_pdf/SUTHERLAND/Sutherland%20DCP%20-%20Landscape%20-%20Edition%203.pdf,,358825,in-force,200,application/pdf
Sutherland,Sutherland DCP 1985 - Industrial Development - Edition 5,https://s3-ap-southeast-2.amazonaws.com/shared-drupal-s3fs/master-test/fapub_pdf/SUTHERLAND/Sutherland%20DCP%201985%20-%20Industrial%20Development%20-%20Edition%205.pdf,,216989,in-force,200,application/pdf
Sutherland,Sutherland DCP 1985 - Private Tennis Courts - Edition 3,https://s3-ap-southeast-2.amazonaws.com/shared-drupal-s3fs/master-test/fapub_pdf/SUTHERLAND/Sutherland%20DCP%201985%20-%20Private%20Tennis%20Courts%20-%20Edition%203.pdf,,272772,in-force,200,application/pdf
Sutherland,Sutherland DCP 1985 - Residential Fencing - Edition 8,https://s3-ap-southeast-2.amazonaws.com/shared-drupal-s3fs/master-test/fapub_pdf/SUTHERLAND/Sutherland%20DCP%201985%20-%20Residential%20Fencing%20-%20Edition%208.pdf,,273526,in-force,200,application/pdf
Sutherland,Sutherland DCP 1985 - Residential Subdivision - Edition 10,https://s3-ap-southeast-2.amazonaws.com/shared-drupal-s3fs/master-test/fapub_pdf/SUTHERLAND/Sutherland%20DCP%201985%20-%20Residential%20Subdivision%20-%20Edition%2010.pdf,,346884,in-force,200,application/pdf
Sutherland,Sutherland DCP 1987 - Keeping of Horses - Edition 3,https://s3-ap-southeast-2.amazonaws.com/shared-drupal-s3fs/master-test/fapub_pdf/_R15/Sutherland%20DCP%201987%20-%20Keeping%20of%20Horses%20-%20Edition%203.pdf,,282652,in-force,200,application/pdf
Sutherland,Sutherland DCP 1990 - Car Parking - Edition 3,https://s3-ap-southeast-2.amazonaws.com/shared-drupal-s3fs/master-test/fapub_pdf/SUTHERLAND/Sutherland%20DCP%201990%20-%20Car%20Parking%20-%20Edition%203.pdf,,351558,in-force,200,application/pdf
Sutherland,Sutherland DCP 1993 - Notification of Development Applications - Edition 4,https://s3-ap-southeast-2.amazonaws.com/shared-drupal-s3fs/master-test/fapub_pdf/SUTHERLAND/Sutherland%20DCP%201993%20-%20Notification%20of%20Development%20Applications%20-%20Edition%204.pdf,,137606,in-force,200,application/pdf
Sutherland,Sutherland DCP 1994 - Dual Occupancy Housing DCP - Edition 4,https://s3-ap-southeast-2.amazonaws.com/shared-drupal-s3fs/master-test/fapub_pdf/SUTHERLAND/Sutherland%20DCP%201994%20-%20Dual%20Occupancy%20Housing%20DCP%20-%20Edition%204.pdf,,570880,in-force,200,application/pdf
Sutherland,Sutherland DCP 1994 - Townhouses and Villa houses in 2(a1) and 2(a2) Residential zones - Edition 5,https://s3-ap-southeast-2.amazonaws.com/shared-drupal-s3fs/master-test/fapub_pdf/SUTHERLAND/Sutherland%20DCP%201994%20-%20Townhouses%20and%20Villa%20houses%20in%202(a1)%20and%202(a2)%20Residential%20zones%20-%20Edition%205.pdf,,1129569,in-force,200,application/pdf
Sutherland,Sutherland DCP 1996 - Brothels and Sex Shops - Edition 3,https://s3-ap-southeast-2.amazonaws.com/shared-drupal-s3fs/master-test/fapub_pdf/SUTHERLAND/Sutherland%20DCP%201996%20-%20Brothels%20and%20Sex%20Shops%20-%20Edition%203.pdf,,85770,in-force,200,application/pdf
Sutherland,Sutherland DCP 1996 - Childcare Centre - Edition 3,https://s3-ap-southeast-2.amazonaws.com/shared-drupal-s3fs/master-test/fapub_pdf/SUTHERLAND/Sutherland%20DCP%201996%20-%20Childcare%20Centre%20-%20Edition%203.pdf,,289436,in-force,200,application/pdf
Sutherland,Sutherland DCP 1997 - Advertising Structures and Signs - Edition 3,https://s3-ap-southeast-2.amazonaws.com/shared-drupal-s3fs/master-test/fapub_pdf/SUTHERLAND/Sutherland%20DCP%201997%20-%20Advertising%20Structures%20and%20Signs%20-%20Edition%203.pdf,,86416,in-force,200,application/pdf
Sutherland,Sutherland DCP 1998 - A frame advertising boards and shopfront display,https://s3-ap-southeast-2.amazonaws.com/shared-drupal-s3fs/master-test/fapub_pdf/SUTHERLAND/Sutherland%20DCP%201998%20-%20A%20frame%20advertising%20boards%20and%20shopfront%20display.pdf,,792856,in-force,200,application/pdf
Sutherland,Sutherland DCP 1998 - Duration of Development Consents - Edition 3,https://s3-ap-southeast-2.amazonaws.com/shared-drupal-s3fs/master-test/fapub_pdf/SUTHERLAND/Sutherland%20DCP%201998%20-%20Duration%20of%20Development%20Consents%20-%20Edition%203.pdf,,138546,in-force,200,application/pdf
Sutherland,Sutherland DCP 1999 - Building Lines to Streets - Edition 2,https://s3-ap-southeast-2.amazonaws.com/shared-drupal-s3fs/master-test/fapub_pdf/SUTHERLAND/Sutherland%20DCP%201999%20-%20Building%20Lines%20to%20Streets%20-%20Edition%202.pdf,,975557,in-force,200,application/pdf
Sutherland,Sutherland DCP 1999 - Swimming Pools DCP - Edition 2,https://s3-ap-southeast-2.amazonaws.com/shared-drupal-s3fs/master-test/fapub_pdf/SUTHERLAND/Sutherland%20DCP%201999%20-%20Swimming%20Pools%20DCP%20-%20Edition%202.pdf,,300068,in-force,200,application/pdf
Sutherland,Sutherland DCP 2000 - Complying Development,https://s3-ap-southeast-2.amazonaws.com/shared-drupal-s3fs/master-test/fapub_pdf/SUTHERLAND/Sutherland%20DCP%202000%20-%20Complying%20Development.pdf,,95251,in-force,200,application/pdf
Sutherland,Sutherland DCP 2001 - Dwelling Houses in 2(a1) 2(a2) and 2(b) Residential Zones,https://s3-ap-southeast-2.amazonaws.com/shared-drupal-s3fs/master-test/fapub_pdf/SUTHERLAND/Sutherland%20DCP%202001%20-%20Dwelling%20Houses%20in%202(a1)%202(a2)%20and%202(b)%20Residential%20Zones.pdf,,415277,in-force,200,application/pdf
Sutherland,Sutherland DCP 2002 - Environmental Site Management,https://s3-ap-southeast-2.amazonaws.com/shared-drupal-s3fs/master-test/fapub_pdf/SUTHERLAND/Sutherland%20DCP%202002%20-%20Environmental%20Site%20Management.pdf,,802444,in-force,200,application/pdf
Sutherland,Sutherland DCP 2002 - Waterfront Development Code,https://s3-ap-southeast-2.amazonaws.com/shared-drupal-s3fs/master-test/fapub_pdf/SUTHERLAND/Sutherland%20DCP%202002%20-%20Waterfront%20Development%20Code.pdf,,1544301,in-force,200,application/pdf
Sutherland,Sutherland DCP 2003 - Telecommunications and Radiocommunications,https://s3-ap-southeast-2.amazonaws.com/shared-drupal-s3fs/master-test/fapub_pdf/SUTHERLAND/Sutherland%20DCP%202003%20-%20Telecommunications%20and%20Radiocommunications.pdf,,136585,in-force,200,application/pdf
Sutherland,Sutherland DCP 2005 - Flooding Risk Management,https://s3-ap-southeast-2.amazonaws.com/shared-drupal-s3fs/master-test/fapub_pdf/_R15/Sutherland%20DCP%202005%20-%20Flooding%20Risk%20Management.pdf,,3595092,in-force,200,application/pdf
Sutherland,Sutherland DCP 2005 - Stormwater Management DCP,https://s3-ap-southeast-2.amazonaws.com/shared-drupal-s3fs/master-test/fapub_pdf/SUTHERLAND/Sutherland%20DCP%202005%20-%20Stormwater%20Management%20DCP.pdf,,1130294,in-force,200,application/pdf
Sutherland,Sutherland DCP 2005 - Stormwater Specification,https://s3-ap-southeast-2.amazonaws.com/shared-drupal-s3fs/master-test/fapub_pdf/SUTHERLAND/Sutherland%20DCP%202005%20-%20Stormwater%20Specification.pdf,,612550,in-force,200,application/pdf
Sutherland,Sutherland DCP 2010 - Contaminated Land Policy,https://s3-ap-southeast-2.amazonaws.com/shared-drupal-s3fs/master-test/fapub_pdf/SUTHERLAND/Sutherland%20DCP%202010%20-%20Contaminated%20Land%20Policy.pdf,,115326,in-force,200,application/pdf
Sutherland Draft,Sutherland Draft DCP 2015,https://s3-ap-southeast-2.amazonaws.com/shared-drupal-s3fs/master-test/fapub_pdf/SUTHERLAND/Sutherland%20Draft%20DCP%202015.pdf,,87137889,in-force,200,application/pdf
Sydney,Sydney DCP 2012 - as amended August 2020,https://shared-drupal-s3fs.s3-ap-southeast-2.amazonaws.com/master-test/fapub_pdf/SYDNEY/City+of+Sydney+/DCP2012_070820.pdf,920,58251746,in-force,200,application/pdf
Sydney,Sydney DCP Maps (Combined) August 2020,https://shared-drupal-s3fs.s3-ap-southeast-2.amazonaws.com/master-test/fapub_pdf/SYDNEY/City+of+Sydney+/SDCP+2012+Maps+Combined.pdf,,48747826,in-force,200,application/pdf
Tamworth,Tamworth DCP 2010 Amendment 15 on 12 October 2015 (PDF),https://pp.planningportal.nsw.gov.au/sites/default/files/documents/2022/Tamworth%20DCP%20Amendment%20No.%2015_S-4224%20%281%29.pdf,,7646003,in-force,200,application/pdf
Tamworth Regional,Tamworth Regional DCP 2010 - as amended 26 Nov 2019,https://shared-drupal-s3fs.s3-ap-southeast-2.amazonaws.com/master-test/fapub_pdf/DCP-CP/TAMWORTH+REGIONAL/Tamworth+Regional+Development+Control+Plan+2010+-+Amendment+No.+13_S-514.pdf,,6747861,in-force,200,application/pdf
Temora,Temora DCP 2012 - Amendment 1,https://s3-ap-southeast-2.amazonaws.com/shared-drupal-s3fs/master-test/fapub_pdf/TEMORA/Temora%20DCP%202012%20-%20Amendment%201.pdf,,3937773,in-force,200,application/pdf
Tenterfield,Tenterfield DCP 2014,https://s3-ap-southeast-2.amazonaws.com/shared-drupal-s3fs/master-test/fapub_pdf/TENTERFIELD/Tenterfield%20DCP%202014.pdf,,1656525,in-force,200,application/pdf
version,version 2018,https://shared-drupal-s3fs.s3-ap-southeast-2.amazonaws.com/master-test/fapub_pdf/TENTERFIELD/Development+Control+Plan+2014+-+22.10.2018.pdf,,2164038,in-force,200,application/pdf
The Hills,The Hills DCP 2012 - Showground Precinct - September 2018,https://s3-ap-southeast-2.amazonaws.com/shared-drupal-s3fs/master-test/fapub_pdf/DCP-CP/THE+HILLS/The+Hills+DCP+2012+-+Showground+Precinct+-++September+2018.pdf,,8399220,in-force,200,application/pdf
The Hills,The Hills DCP 2012 - as amended 4 May 18,https://s3-ap-southeast-2.amazonaws.com/shared-drupal-s3fs/master-test/fapub_pdf/THE+HILLS/The+Hills+DCP+2012+-+as+amended+4+May+18.pdf,1233,178895708,in-force,200,application/pdf
The Hills,The Hills DCP 2012 Part A Introduction - 22 December 2021,https://www.planningportal.nsw.gov.au/sites/default/files/documents/2022/The%20Hills%20DCP%202012%20PDF%20File%20Part%20A%20Introduction%20-%20In%20Force%2022%20December%202021_S-4312%20%281%29.pdf,,720935,in-force,200,application/pdf
The Hills,The Hills DCP 2012 Part D Section 23 - 22 December 2021,https://www.planningportal.nsw.gov.au/sites/default/files/documents/2022/The%20Hills%20DCP%202012%20Part%20D%20Section%2023%20Norwest%20Station%20Site%20%20Adopted%2012%2010%2021_S-4312.pdf,,2032751,in-force,200,application/pdf
Turner Road,Turner Road DCP,https://www.planning.nsw.gov.au/-/media/Files/DPE/Plans-and-policies/turner-road-development-control-plan-2019-02-05.pdf?la=en,,,in-force,404,text/html
Upper Hunter,Upper Hunter DCP 2008 - Wind Power Generation,https://s3-ap-southeast-2.amazonaws.com/shared-drupal-s3fs/master-test/fapub_pdf/UPPER%20HUNTER/Upper%20Hunter%20DCP%202008%20-%20Wind%20Power%20Generation.pdf,,28105,in-force,200,application/pdf
Upper Hunter,Upper Hunter DCP 2015,https://s3-ap-southeast-2.amazonaws.com/shared-drupal-s3fs/master-test/fapub_pdf/UPPER%20HUNTER/Upper%20Hunter%20DCP%202015.pdf,,2888399,in-force,200,application/pdf
Upper Lachlan,Upper Lachlan DCP 2010 - a,https://s3-ap-southeast-2.amazonaws.com/shared-drupal-s3fs/master-test/fapub_pdf/UPPER%20LACHLAN/Upper%20Lachlan%20DCP%202010%20-%20Amendment%202.pdf,,1181395,in-force,200,application/pdf
dopted,dopted 2018,https://shared-drupal-s3fs.s3-ap-southeast-2.amazonaws.com/master-test/fapub_pdf/UPPER+LACHLAN/2010+DCP+4+amended+by+Council+adopted+15+Nov+2018+Min+No.+328-18.pdf,,1943841,in-force,200,application/pdf
Upper Lachlan,Upper Lachlan DCP 2010 as amended 28 June 2022,https://shared-drupal-s3fs.s3.ap-southeast-2.amazonaws.com/master-test/fapub_pdf/Lisa+Drupal+Documents/Upper+Lachlan+DCP+2010+28+June+2022_S-5047.pdf,,2250821,in-force,200,application/pdf
Uralla,Uralla DCP 2011 - Version 5,https://s3-ap-southeast-2.amazonaws.com/shared-drupal-s3fs/master-test/fapub_pdf/_R15/Uralla%20DCP%202011%20-%20Version%205.pdf,,2859851,in-force,200,application/pdf
Urana,Urana DCP 2011,https://s3-ap-southeast-2.amazonaws.com/shared-drupal-s3fs/master-test/fapub_pdf/URANA/Urana%20DCP%202011.pdf,,524934,in-force,200,application/pdf
Wagga Wagga,Wagga Wagga DCP 2010 - as amended 29 Aug 2016,https://s3-ap-southeast-2.amazonaws.com/shared-drupal-s3fs/master-test/fapub_pdf/_R15/Wagga%20Wagga%20DCP%202010%20-%20as%20amended%2029%20Aug%202016.pdf,,38454792,in-force,200,application/pdf
Wagga Wagga,Wagga Wagga DCP 2010 - as amended 3 Sep 2016,https://s3-ap-southeast-2.amazonaws.com/shared-drupal-s3fs/master-test/fapub_pdf/_R15/Wagga%20Wagga%20DCP%202010%20-%20as%20amended%203%20Sep%202016.pdf,604,39958184,in-force,200,application/pdf
Wakool,Wakool DCP 2013 - Amendment 2,https://s3-ap-southeast-2.amazonaws.com/shared-drupal-s3fs/master-test/fapub_pdf/WAKOOL/Wakool%20DCP%202013%20-%20Amendment%202.pdf,,8082287,in-force,200,application/pdf
Wallarah,Wallarah DCP 2020 (380 Motorway Link Road Development Control Plan),https://shared-drupal-s3fs.s3.ap-southeast-2.amazonaws.com/master-test/fapub_pdf/IRD20+61312++Attachment+D+-+Wallarah+DCP.pdf,,289007,in-force,200,application/pdf
Walcha,Walcha Council Development Control Plan 31 July 2019,https://shared-drupal-s3fs.s3-ap-southeast-2.amazonaws.com/master-test/fapub_pdf/Adopted+Walcha+Development+Control+Plan+2019+-+31+July+2019_S-3435.pdf,,1986196,in-force,200,application/pdf
Walgett,Walgett DCP 201,https://s3-ap-southeast-2.amazonaws.com/shared-drupal-s3fs/master-test/fapub_pdf/WALGETT/Walgett%20DCP%202015.pdf,,1207154,in-force,200,application/pdf
6,6,https://shared-drupal-s3fs.s3-ap-southeast-2.amazonaws.com/master-test/fapub_pdf/WALGETT/09113d_c4197a2cec0c42ce804dc1b1134b739f.pdf,,1446565,in-force,200,application/pdf
Warren,Warren DCP 2012,https://s3-ap-southeast-2.amazonaws.com/shared-drupal-s3fs/master-test/fapub_pdf/WARREN/Warren%20DCP%202012.pdf,,341436,in-force,200,application/pdf
Warrumbungle,Warrumbungle DCP 2015,https://s3-ap-southeast-2.amazonaws.com/shared-drupal-s3fs/master-test/fapub_pdf/WARRUMBUNGLE/Warrumbungle%20DCP%202015.pdf,,2119500,in-force,200,application/pdf
amended Feb,amended Feb 2017,https://shared-drupal-s3fs.s3-ap-southeast-2.amazonaws.com/master-test/fapub_pdf/WALGETT/Shire+Wide+DCP+2015+Amended+16+February+2017.pdf,,2126222,in-force,200,application/pdf
Warrumbungle,Warrumbungle DCP No. 1 2004 - Lighting Code to Protect Siding Spring Observatory,https://s3-ap-southeast-2.amazonaws.com/shared-drupal-s3fs/master-test/fapub_pdf/WARRUMBUNGLE/Warrumbungle%20DCP%20No.%201%202004%20-%20Lighting%20Code%20to%20Protect%20Siding%20Spring%20Observatory.pdf,,223966,in-force,200,application/pdf
Waverley,Waverley Development Control Plan 2012 Amendment No 6 Oct 2018,https://s3-ap-southeast-2.amazonaws.com/shared-drupal-s3fs/master-test/fapub_pdf/WAVERLEY/Waverley+Development+Control+Plan+2012+Amendment+No+06+Oct+2018.pdf,,21334901,in-force,200,application/pdf
Weddin Shire,Weddin Shire DCP 2014,https://s3-ap-southeast-2.amazonaws.com/shared-drupal-s3fs/master-test/fapub_pdf/WEDDIN%20SHIRE/Weddin%20Shire%20DCP%202014.pdf,,5781754,in-force,200,application/pdf
Wellington,Wellington DCP 2013,https://s3-ap-southeast-2.amazonaws.com/shared-drupal-s3fs/master-test/fapub_pdf/_R15/Wellington%20DCP%202013.pdf,,998183,in-force,200,application/pdf
Wentworth,Wentworth DCP 2011,https://s3-ap-southeast-2.amazonaws.com/shared-drupal-s3fs/master-test/fapub_pdf/_R15/Wentworth%20DCP%202011.pdf,,1658484,in-force,200,application/pdf
Western Plains Regional,Western Plains Regional DCP No. 1 2016 - Southlakes Estate,https://s3-ap-southeast-2.amazonaws.com/shared-drupal-s3fs/master-test/fapub_pdf/_R15/Western%20Plains%20Regional%20DCP%20No.%201%202016%20-%20Southlakes%20Estate.pdf,,1371954,in-force,200,application/pdf
Western Sydney Aerotropolis,Western Sydney Aerotropolis DCP - Phase 2,"https://environmentnswgov.sharepoint.com/:b:/r/sites/MST_DPE_DPECommunicationandStakeholderEngagement/Shared%20Documents/Comms%20Strategy%20and%20Client%20Support/2.%20Place,%20Design%20and%20Public%20Spaces/04.%20Greater%20Sydney%20Place%20and%20Infrastructure/Aerotropolis/Sept%2022%20-%20DCP%20Finalisation/Comms%20Collateral/Final%20documents%20for%20upload%20to%20portal/Western%20Sydney%20Aerotropolis%20Development%20Control%20Plan%20%E2%80%93%20Phase%202.pdf?csf=1&web=1&e=rbedcx",,58434,in-force,200,text/html
Willoughby,Willoughby DCP - July 2025,https://shared-drupal-s3fs.s3.ap-southeast-2.amazonaws.com/master-test/fapub_pdf/NSW%2BPlanning%2BPortal%2BDocuments/Bulk_20250714141455.pdf,709,38824301,in-force,200,application/pdf
Wilton Growth Area,Wilton Growth Area Development Control Plan (DCP),https://shared-drupal-s3fs.s3.ap-southeast-2.amazonaws.com/master-test/fapub_pdf/Wilton+Growth+Area+Development+Control+Plan+(DCP)+-+Main+Body.pdf,,9373912,in-force,200,application/pdf
Wingecarribee,Wingecarribee DCP 2008 - Moss Vale Enterprise Corridor - as amended 14 Nov 2012,https://s3-ap-southeast-2.amazonaws.com/shared-drupal-s3fs/master-test/fapub_pdf/_R15/Wingecarribee%20DCP%202008%20-%20Moss%20Vale%20Enterprise%20Corridor%20-%20as%20amended%2014%20Nov%202012.pdf,,1882869,in-force,200,application/pdf
Wingecarribee,Wingecarribee DCP 2010 - Berrima Village (without Section A8) - as amended 17 May 2013,https://s3-ap-southeast-2.amazonaws.com/shared-drupal-s3fs/master-test/fapub_pdf/_R15/Wingecarribee%20DCP%202010%20-%20Berrima%20Village%20(without%20Section%20A8)%20-%20as%20amended%2017%20May%202013.pdf,,4579811,in-force,200,application/pdf
Wingecarribee,Wingecarribee DCP 2010 - Berrima Village DCP (Section A8) - as amended 5 Sep 2012,https://s3-ap-southeast-2.amazonaws.com/shared-drupal-s3fs/master-test/fapub_pdf/_R15/Wingecarribee%20DCP%202010%20-%20Berrima%20Village%20DCP%20(Section%20A8)%20-%20as%20amended%205%20Sep%202012.pdf,,6089931,in-force,200,application/pdf
Wingecarribee,Wingecarribee DCP 2010 - Bowral Town Plan - as amended 23 Sep 2015,https://s3-ap-southeast-2.amazonaws.com/shared-drupal-s3fs/master-test/fapub_pdf/_R15/Wingecarribee%20DCP%202010%20-%20Bowral%20Town%20Plan%20-%20as%20amended%2023%20Sep%202015.pdf,,15510573,in-force,200,application/pdf
Wingecarribee,Wingecarribee DCP 2010 - Bundanoon Town Plan - as amended 17 Jun 2015,https://s3-ap-southeast-2.amazonaws.com/shared-drupal-s3fs/master-test/fapub_pdf/_R15/Wingecarribee%20DCP%202010%20-%20Bundanoon%20Town%20Plan%20-%20as%20amended%2017%20Jun%202015.pdf,,3250397,in-force,200,application/pdf
Wingecarribee,Wingecarribee DCP 2010 - Burrawang Village - as amended 5 Sep 2012,https://s3-ap-southeast-2.amazonaws.com/shared-drupal-s3fs/master-test/fapub_pdf/_R15/Wingecarribee%20DCP%202010%20-%20Burrawang%20Village%20-%20as%20amended%205%20Sep%202012.pdf,,3767117,in-force,200,application/pdf
Wingecarribee,Wingecarribee DCP 2010 - Exeter Village - as amended 5 Sep 2012,https://s3-ap-southeast-2.amazonaws.com/shared-drupal-s3fs/master-test/fapub_pdf/_R15/Wingecarribee%20DCP%202010%20-%20Exeter%20Village%20-%20as%20amended%205%20Sep%202012.pdf,,3537942,in-force,200,application/pdf
Wingecarribee,Wingecarribee DCP 2010 - Industrial Lands- as amended 12 Aug 2015,https://s3-ap-southeast-2.amazonaws.com/shared-drupal-s3fs/master-test/fapub_pdf/_R15/Wingecarribee%20DCP%202010%20-%20Industrial%20Lands-%20as%20amended%2012%20Aug%202015.pdf,,965797,in-force,200,application/pdf
Wingecarribee,Wingecarribee DCP 2010 - Mittagong Town Plan - as amended 17 Jun 2015,https://s3-ap-southeast-2.amazonaws.com/shared-drupal-s3fs/master-test/fapub_pdf/_R15/Wingecarribee%20DCP%202010%20-%20Mittagong%20Town%20Plan%20-%20as%20amended%20%2017%20Jun%202015.pdf,,5623835,in-force,200,application/pdf
Wingecarribee,Wingecarribee DCP 2010 - Moss Vale Town Plan - as amended 17 Jun 2015,https://s3-ap-southeast-2.amazonaws.com/shared-drupal-s3fs/master-test/fapub_pdf/_R15/Wingecarribee%20DCP%202010%20-%20Moss%20Vale%20Town%20Plan%20-%20as%20amended%2017%20Jun%202015.pdf,,4939269,in-force,200,application/pdf
Wingecarribee,Wingecarribee DCP 2010 - New Berrima and Medway Villages - as amended 5 Sep 2012,https://s3-ap-southeast-2.amazonaws.com/shared-drupal-s3fs/master-test/fapub_pdf/_R15/Wingecarribee%20DCP%202010%20-%20New%20Berrima%20and%20Medway%20Villages%20-%20as%20amended%205%20Sep%202012.pdf,,3054110,in-force,200,application/pdf
Wingecarribee,Wingecarribee DCP 2010 - Northern Villages - as amended 12 Aug 2015,https://s3-ap-southeast-2.amazonaws.com/shared-drupal-s3fs/master-test/fapub_pdf/_R15/Wingecarribee%20DCP%202010%20-%20Northern%20Villages%20-%20as%20amended%2012%20Aug%202015.pdf,,2824643,in-force,200,application/pdf
Wingecarribee,Wingecarribee DCP 2010 - Penrose and Wingello Villages - as amended 5 Sep 2012,https://s3-ap-southeast-2.amazonaws.com/shared-drupal-s3fs/master-test/fapub_pdf/_R15/Wingecarribee%20DCP%202010%20-%20Penrose%20and%20Wingello%20Villages%20-%20as%20amended%205%20Sep%202012.pdf,,3359306,in-force,200,application/pdf
Wingecarribee,Wingecarribee DCP 2010 - Robertson Village - as amended 5 Sep 2012,https://s3-ap-southeast-2.amazonaws.com/shared-drupal-s3fs/master-test/fapub_pdf/_R15/Wingecarribee%20DCP%202010%20-%20Robertson%20Village%20-%20as%20amended%205%20Sep%202012.pdf,,2725342,in-force,200,application/pdf
Wingecarribee,Wingecarribee DCP 2010 - Rural Lands - as amended 13 May 2015,https://s3-ap-southeast-2.amazonaws.com/shared-drupal-s3fs/master-test/fapub_pdf/_R15/Wingecarribee%20DCP%202010%20-%20Rural%20Lands%20-%20as%20amended%2013%20May%202015.pdf,,7224903,in-force,200,application/pdf
Wingecarribee,Wingecarribee DCP 2010 - Rural Living - as amended 5 Sep 2012,https://s3-ap-southeast-2.amazonaws.com/shared-drupal-s3fs/master-test/fapub_pdf/_R15/Wingecarribee%20DCP%202010%20-%20Rural%20Living%20-%20as%20amended%205%20Sep%202012.pdf,,11080874,in-force,200,application/pdf
Wingecarribee,Wingecarribee DCP 2011 - Fitzroy Falls - as amended 5 Sep 2012,https://s3-ap-southeast-2.amazonaws.com/shared-drupal-s3fs/master-test/fapub_pdf/_R15/Wingecarribee%20DCP%202011%20-%20Fitzroy%20Falls%20-%20as%20amended%205%20Sep%202012.pdf,,3063069,in-force,200,application/pdf
Wingecarribee,Wingecarribee DCP 2011 - Sutton Forest - as amended 26 Nov 2014,https://s3-ap-southeast-2.amazonaws.com/shared-drupal-s3fs/master-test/fapub_pdf/_R15/Wingecarribee%20DCP%202011%20-%20Sutton%20Forest%20-%20as%20amended%2026%20Nov%202014.pdf,,6296839,in-force,200,application/pdf
Wollondilly,Wollondilly DCP 2016 as amended 6 October 2021 (PDF),https://www.planningportal.nsw.gov.au/sites/default/files/documents/2022/Wollondilly%20DCP%202016%20-%20%20Volumes%201-8%2028as%20at%2006%20October%20202129_S-3984.pdf,,16007231,in-force,200,application/pdf
Wollondilly,Wollondilly DCP 2016 - as amended 1 April 2020,https://shared-drupal-s3fs.s3-ap-southeast-2.amazonaws.com/master-test/fapub_pdf/DCP-CP/WOLLONDILLY/Wollondilly+DCP+2016+Volumes+1-8+combined+%2428as+at+1+April+2020%2429_S-1076.pdf,,15208261,in-force,200,application/pdf
Wollongong,Wollongong DCP 2009 - as amended 12 Jan 2018,https://s3-ap-southeast-2.amazonaws.com/shared-drupal-s3fs/master-test/fapub_pdf/WOLLONGONG/Wollongong+DCP+2009+-+as+amended+12+Jan+2018.pdf,1533,87455041,in-force,200,application/pdf
Wollongong Chapter 3,Wollongong Chapter 3 DCP 2009 Boarding Houses,https://shared-drupal-s3fs.s3.ap-southeast-2.amazonaws.com/master-test/fapub_pdf/NSW+Planning+Portal+Exhibitions/Chapter+C3+-+Boarding+Houses+22+August+2022_S-5185.pdf,,432683,in-force,200,application/pdf
Wollongong Chapter E3,Wollongong Chapter E3 - Car Parking Access Servicing_Loading Facilities 22 August 2022,https://shared-drupal-s3fs.s3.ap-southeast-2.amazonaws.com/master-test/fapub_pdf/NSW+Planning+Portal+Exhibitions/Chapter+E3+-+Car+Parking+Access+Servicing_Loading+Facilities+22+August+2022_S-5186.pdf,,749237,in-force,200,application/pdf
Woollahra,Woollahra DCP 2015 - as amended 16 March 2020.pdf,https://shared-drupal-s3fs.s3-ap-southeast-2.amazonaws.com/master-test/fapub_pdf/WOOLLAHRA/Consolidated+WDCP+2015+-+As+at+16+March+2020.pdf,1425,48392905,in-force,200,application/pdf
Young,Young DCP 2011 - as amended 8 0ct 2012,https://s3-ap-southeast-2.amazonaws.com/shared-drupal-s3fs/master-test/fapub_pdf/YOUNG/Young%20DCP%202011%20-%20as%20amended%208%200ct%202012.pdf,,1974344,in-force,200,application/pdf
Broken Hill,Broken Hill DCP 1998 - Notification - as amended 29 Sep 2010 -,https://s3-ap-southeast-2.amazonaws.com/shared-drupal-s3fs/master-test/fapub_pdf/BROKEN+HILL/Broken+Hill+DCP+1998+-+Notification+-+as+amended+29+Sep+2010+REPEALED.pdf,,,repealed,,
Broken Hill,Broken Hill DCP 1998 - Outdoor Advertising - as amended 28 Nov 2001 -,https://s3-ap-southeast-2.amazonaws.com/shared-drupal-s3fs/master-test/fapub_pdf/BROKEN%20HILL/Broken%20Hill%20DCP%201998%20-%20Outdoor%20Advertising%20-%20as%20amended%2028%20Nov%202001%20REPEALED.pdf,,,repealed,,
Broken Hill,Broken Hill DCP 1999 - Keeping of Horses - as amended 28 Sep 2005 -,https://s3-ap-southeast-2.amazonaws.com/shared-drupal-s3fs/master-test/fapub_pdf/BROKEN%20HILL/Broken%20Hill%20DCP%201999%20-%20Keeping%20of%20Horses%20-%20as%20amended%2028%20Sep%202005%20REPEALED.pdf,,,repealed,,
Broken Hill,Broken Hill DCP 2002 - Stormwater Collection Usage and Disposal - as amended 28 Sep 2005 -,https://s3-ap-southeast-2.amazonaws.com/shared-drupal-s3fs/master-test/fapub_pdf/BROKEN%20HILL/Broken%20Hill%20DCP%202002%20-%20Stormwater%20Collection%20Usage%20and%20Disposal%20-%20as%20amended%2028%20Sep%202005%20REPEALED.pdf,,,repealed,,
Broken Hill DCPs,Broken Hill DCPs 1997 - as amended 28 Sep 2005,https://s3-ap-southeast-2.amazonaws.com/shared-drupal-s3fs/master-test/fapub_pdf/BROKEN+HILL/Broken+Hill+DCPs+1997+-+as+amended+28+Sep+2005+REPEALED.pdf,,,repealed,,
Broken Hill DCPs,Broken Hill DCPs 2000 - as amended 28 Sep 2005 -,https://s3-ap-southeast-2.amazonaws.com/shared-drupal-s3fs/master-test/fapub_pdf/BROKEN+HILL/Broken+Hill+DCPs+2000+-+as+amended+28+Sep+2005+REPEALED.pdf,,,repealed,,
Gosford,Gosford DCP 2013 (1 May 2020),https://aus01.safelinks.protection.outlook.com/?url=https%3A%2F%2Fplan.gosford.nsw.gov.au%2FPages%2FPlan%2FBook.aspx%3Fexhibit%3DGCCPLANAug2014&data=04%7C01%7CPhilomena.Flint%40centralcoast.nsw.gov.au%7Ccc6bd0433b584cf6f03108d8fa605218%7C479e69d178bc4e1a81dd047fe9928e1f%7C0%7C0%7C637534638901862365%7CUnknown%7CTWFpbGZsb3d8eyJWIjoiMC4wLjAwMDAiLCJQIjoiV2luMzIiLCJBTiI6Ik1haWwiLCJXVCI6Mn0%3D%7C1000&sdata=2JY0UMde73%2FhXmtgXN0BRYgHrYwdn3N3uj6PcQ0ENwc%3D&reserved=0,,,repealed,,
Griffith,Griffith DCP No. 5 1995 - Wyangan Ave Residential Precinct - as amended 31 May 1996,https://s3-ap-southeast-2.amazonaws.com/shared-drupal-s3fs/master-test/fapub_pdf/_R15/Griffith%20DCP%20No.%205%201995%20-%20Wyangan%20Ave%20Residential%20Precinct%20-%20as%20amended%2031%20May%201996.pdf,,,repealed,,
Griffith,Griffith DCP No. 6B 1998 - Pioneer and South Griffith Development Area,https://s3-ap-southeast-2.amazonaws.com/shared-drupal-s3fs/master-test/fapub_pdf/_R15/Griffith%20DCP%20No.%206B%201998%20-%20Pioneer%20and%20South%20Griffith%20Development%20Area.pdf,,,repealed,,
Griffith,Griffith DCP No. 17 1996 - Siting and Development of Public Open Space Areas,https://s3-ap-southeast-2.amazonaws.com/shared-drupal-s3fs/master-test/fapub_pdf/_R15/Griffith%20DCP%20No.%2017%201996%20-%20Siting%20and%20Development%20of%20Public%20Open%20Space%20Areas.pdf,,,repealed,,
Griffith,Griffith DCP No. 21 1999 - Residential Development,https://s3-ap-southeast-2.amazonaws.com/shared-drupal-s3fs/master-test/fapub_pdf/_R15/Griffith%20DCP%20No.%2021%201999%20-%20Residential%20Development.pdf,,,repealed,,
Griffith,Griffith DCP 2016 - Collina Growth Area,https://s3-ap-southeast-2.amazonaws.com/shared-drupal-s3fs/master-test/fapub_pdf/_R2.0/Griffith+DCP+2016+-+Collina+Growth+Area.pdf,,,repealed,,
Ku-ring-gai,Ku-ring-gai DCP 2016 - Ku-ring-gai Local Centres,https://s3-ap-southeast-2.amazonaws.com/shared-drupal-s3fs/master-test/fapub_pdf/KU-RING-GAI/Ku-ring-gai%20DCP%202016%20-%20Ku-ring-gai%20Local%20Centres.pdf,,,repealed,,
Ku-ring-gai Local Centres,Ku-ring-gai Local Centres DCP - amendment 2 - as amended 7 Dec 2017,https://shared-drupal-s3fs.s3-ap-southeast-2.amazonaws.com/master-test/fapub_pdf/DCP-CP/KU-RING-GAI/Ku-ring-gai+Local+Centres+DCP+-+Amendment+2+-+Effective+7.12.17_S-1892.pdf,,,repealed,,
Ku-ring-gai,Ku-ring-gai DCP No. 14 1995 - Development in Business Zones,https://s3-ap-southeast-2.amazonaws.com/shared-drupal-s3fs/master-test/fapub_pdf/_R15/Ku-ring-gai%20DCP%20No.%2014%201995%20-%20Development%20in%20Business%20Zones.pdf,,,repealed,,
Ku-ring-gai,Ku-ring-gai DCP No. 28 1996 - Advertising Signs - as amended 23 Mar 2007,https://s3-ap-southeast-2.amazonaws.com/shared-drupal-s3fs/master-test/fapub_pdf/_R15/Ku-ring-gai%20DCP%20No.%2028%201996%20-%20Advertising%20Signs%20-%20as%20amended%2023%20Mar%202007.pdf,,,repealed,,
Ku-ring-gai,Ku-ring-gai DCP No. 31 1997 - Access,https://s3-ap-southeast-2.amazonaws.com/shared-drupal-s3fs/master-test/fapub_pdf/_R15/Ku-ring-gai%20DCP%20No.%2031%201997%20-%20Access.pdf,,,repealed,,
Ku-ring-gai,Ku-ring-gai DCP No. 38 2002 - Ku-ring-gai Residential Design Manual,https://s3-ap-southeast-2.amazonaws.com/shared-drupal-s3fs/master-test/fapub_pdf/_R15/Ku-ring-gai%20DCP%20No.%2038%202002%20-%20Ku-ring-gai%20Residential%20Design%20Manual.pdf,,,repealed,,
Ku-ring-gai,Ku-ring-gai DCP No. 40 1998 - Construction and Demolition Waste Management,https://s3-ap-southeast-2.amazonaws.com/shared-drupal-s3fs/master-test/fapub_pdf/_R15/Ku-ring-gai%20DCP%20No.%2040%201998%20-%20Construction%20and%20Demolition%20Waste%20Management.pdf,,,repealed,,
Ku-ring-gai,Ku-ring-gai DCP No. 42 1999 - Regulation of Brothels,https://s3-ap-southeast-2.amazonaws.com/shared-drupal-s3fs/master-test/fapub_pdf/_R15/Ku-ring-gai%20DCP%20No.%2042%201999%20-%20Regulation%20of%20Brothels.pdf,,,repealed,,
Ku-ring-gai,Ku-ring-gai DCP No. 43 1998 - Car Parking,https://s3-ap-southeast-2.amazonaws.com/shared-drupal-s3fs/master-test/fapub_pdf/_R15/Ku-ring-gai%20DCP%20No.%2043%201998%20-%20Car%20Parking.pdf,,,repealed,,
Ku-ring-gai,Ku-ring-gai DCP No. 46 1999 - Exempt and Complying Development,https://s3-ap-southeast-2.amazonaws.com/shared-drupal-s3fs/master-test/fapub_pdf/_R15/Ku-ring-gai%20DCP%20No.%2046%201999%20-%20Exempt%20and%20Complying%20Development.pdf,,,repealed,,
Ku-ring-gai,Ku-ring-gai DCP No. 47 2005 - Water Management,https://s3-ap-southeast-2.amazonaws.com/shared-drupal-s3fs/master-test/fapub_pdf/_R15/Ku-ring-gai%20DCP%20No.%2047%202005%20-%20Water%20Management.pdf,,,repealed,,
Ku-ring-gai,Ku-ring-gai DCP No. 48 2002 - Medium Density Residential Development,https://s3-ap-southeast-2.amazonaws.com/shared-drupal-s3fs/master-test/fapub_pdf/_R15/Ku-ring-gai%20DCP%20No.%2048%202002%20-%20Medium%20Density%20Residential%20Development.pdf,,,repealed,,
Ku-ring-gai,"Ku-ring-gai DCP No. 52 2003 - 986 Pacific Hwy and 5 Suakin St, Pymble","https://s3-ap-southeast-2.amazonaws.com/shared-drupal-s3fs/master-test/fapub_pdf/_R15/Ku-ring-gai%20DCP%20No.%2052%202003%20-%20986%20Pacific%20Hwy%20and%205%20Suakin%20St,%20Pymble.pdf",,,repealed,,
Ku-ring-gai,"Ku-ring-gai DCP No. 54 - Commercial Use of Footpaths, Plazas and Public Areas","https://s3-ap-southeast-2.amazonaws.com/shared-drupal-s3fs/master-test/fapub_pdf/_R15/Ku-ring-gai%20DCP%20No.%2054%20-%20Commercial%20Use%20of%20Footpaths,%20Plazas%20and%20Public%20Areas.pdf",,,repealed,,
Ku-ring-gai,Ku-ring-gai DCP No. 55 2004 - Railway-Pacific Hwy and St Ives Centre - as amended 28 Apr 2006,https://s3-ap-southeast-2.amazonaws.com/shared-drupal-s3fs/master-test/fapub_pdf/_R15/Ku-ring-gai%20DCP%20No.%2055%202004%20-%20Railway-Pacific%20Hwy%20and%20St%20Ives%20Centre%20-%20as%20amended%2028%20Apr%202006.pdf,,,repealed,,
Ku-ring-gai,Ku-ring-gai DCP No. 56 2005 - Notification - as amended 1 Aug 2011,https://s3-ap-southeast-2.amazonaws.com/shared-drupal-s3fs/master-test/fapub_pdf/_R15/Ku-ring-gai%20DCP%20No.%2056%202005%20-%20Notification%20-%20as%20amended%201%20Aug%202011.pdf,,,repealed,,
Ku-ring-gai,Ku-ring-gai DCP No. 57 2005 - Child Care Centres,https://s3-ap-southeast-2.amazonaws.com/shared-drupal-s3fs/master-test/fapub_pdf/_R15/Ku-ring-gai%20DCP%20No.%2057%202005%20-%20Child%20Care%20Centres.pdf,,,repealed,,
Ku-ring-gai,Ku-ring-gai DCP No. 58 2008 - South Turramurra Corridor,https://s3-ap-southeast-2.amazonaws.com/shared-drupal-s3fs/master-test/fapub_pdf/_R15/Ku-ring-gai%20DCP%20No.%2058%202008%20-%20South%20Turramurra%20Corridor.pdf,,,repealed,,
Nambucca,Nambucca DCP 2016 - Boggy Creek Road Urban Release Area - 25 AUG 2016,https://s3-ap-southeast-2.amazonaws.com/shared-drupal-s3fs/master-test/fapub_pdf/NAMBUCCA/Nambucca%20DCP%202016%20-%20Boggy%20Creek%20Road%20Urban%20Release%20Area%20-%20REPEALED%2025%20AUG%202016.pdf,,,repealed,,
Port Macquarie-Hastings,Port Macquarie-Hastings DCP 2011 - as amended 20 Dec 2013.pdf,https://s3-ap-southeast-2.amazonaws.com/shared-drupal-s3fs/master-test/fapub_pdf/PORT%20MACQUARIE-HASTINGS/Port%20Macquarie-Hastings%20DCP%202011%20-%20as%20amended%2020%20Dec%202013.pdf,,,repealed,,
Wyong,Wyong DCP 2013 (23 December 2020),https://aus01.safelinks.protection.outlook.com/?url=https%3A%2F%2Fwww.centralcoast.nsw.gov.au%2Fplan-and-build%2Fplanning-controls-and-guidelines%2Fplanning-controls%2Fdevelopment-control-plan-dcp%23DCP&data=04%7C01%7CPhilomena.Flint%40centralcoast.nsw.gov.au%7Ccc6bd0433b584cf6f03108d8fa605218%7C479e69d178bc4e1a81dd047fe9928e1f%7C0%7C0%7C637534638901862365%7CUnknown%7CTWFpbGZsb3d8eyJWIjoiMC4wLjAwMDAiLCJQIjoiV2luMzIiLCJBTiI6Ik1haWwiLCJXVCI6Mn0%3D%7C1000&sdata=uW0PqWRdf2Ws1U99tBb%2BmSyvhZKW411WDBZ0SuDH84s%3D&reserved=0,,,repealed,,
Albury,Albury DCP 2010 - as amended 20 Aug 2016 -,https://s3-ap-southeast-2.amazonaws.com/shared-drupal-s3fs/master-test/fapub_pdf/_R15/Albury%20DCP%202010%20-%20as%20amended%2020%20Aug%202016%20-%20SUPERSEDED.pdf,,,superseded,,
Albury,Albury DCP 2010 - as amended 30 May 2015 -,https://s3-ap-southeast-2.amazonaws.com/shared-drupal-s3fs/master-test/fapub_pdf/ALBURY/Albury%20DCP%202010%20-%20as%20amended%2030%20May%202015%20-%20SUPERSEDED.pdf,,,superseded,,
Bankstown,Bankstown DCP 2015 - as amended 16 Dec 2015 -,https://s3-ap-southeast-2.amazonaws.com/shared-drupal-s3fs/master-test/fapub_pdf/_R15/Bankstown%20DCP%202015%20-%20as%20amended%2016%20Dec%202015%20-%20SUPERSEDED.pdf,,,superseded,,
Bathurst Regional,Bathurst Regional DCP 2014 - as amended 2019,https://shared-drupal-s3fs.s3-ap-southeast-2.amazonaws.com/master-test/fapub_pdf/BATHURST+REGIONAL/FinalBRDCP+2014+-+including+amend+1-20.pdf,,,superseded,,
Bathurst Regional,Bathurst Regional DCP 2014 - as amended 30 Apr 2016,https://s3-ap-southeast-2.amazonaws.com/shared-drupal-s3fs/master-test/fapub_pdf/_R2.0/Bathurst+Regional+DCP+2014+-+as+amended+30+Apr+2016+-+SUPERSEDED.pdf,,,superseded,,
Bega Valley,Bega Valley DCP 2013 - as amended Sep 2019,https://shared-drupal-s3fs.s3-ap-southeast-2.amazonaws.com/master-test/fapub_pdf/BEGA+VALLEY/Bega_Valley_Development_Control_Plan_2013_(September_2019)v.pdf,,,superseded,,
Bega Valley,Bega Valley DCP 2013 - as amended June 2015 -,https://s3-ap-southeast-2.amazonaws.com/shared-drupal-s3fs/master-test/fapub_pdf/BEGA+VALLEY/Bega+Valley+DCP+2013+-+as+amended+June+2015+-+SUPERSEDED.pdf,,,superseded,,
Blayney,Blayney DCP 1996 - North Blayney,https://s3-ap-southeast-2.amazonaws.com/shared-drupal-s3fs/master-test/fapub_pdf/BLAYNEY/Blayney%20DCP%201996%20-%20North%20Blayney.pdf,,,superseded,,
Blayney,Blayney DCP No. 2 2000 - Millthorpe - Amendment 2,https://s3-ap-southeast-2.amazonaws.com/shared-drupal-s3fs/master-test/fapub_pdf/BLAYNEY/Blayney+DCP+No.+2+2000+-++Millthorpe+-+Amendment+2.pdf,,,superseded,,
Blayney,Blayney DCP No. 3 2001 - Rural Residential Development - Amendment 1,https://s3-ap-southeast-2.amazonaws.com/shared-drupal-s3fs/master-test/fapub_pdf/BLAYNEY/Blayney%20DCP%20No.%203%202001%20-%20Rural%20Residential%20Development%20-%20Amendment%201.pdf,,,superseded,,
Blayney,Blayney DCP No. 4 2004 - Carcoar - Amendment 1.pdf,https://s3-ap-southeast-2.amazonaws.com/shared-drupal-s3fs/master-test/fapub_pdf/BLAYNEY/Blayney%20DCP%20No.%204%202004%20-%20Carcoar%20-%20Amendment%201.pdf,,,superseded,,
Blayney,Blayney DCP No. 5 2005 - Medium Density Housing,https://s3-ap-southeast-2.amazonaws.com/shared-drupal-s3fs/master-test/fapub_pdf/BLAYNEY/Blayney%20DCP%20No.%205%202005%20-%20Medium%20Density%20Housing.pdf,,,superseded,,
Blayney,Blayney DCP No. 6 2009 - Development Guidelines for North Millthorpe,https://s3-ap-southeast-2.amazonaws.com/shared-drupal-s3fs/master-test/fapub_pdf/BLAYNEY/Blayney%20DCP%20No.%206%202009%20-%20Development%20Guidelines%20for%20North%20Millthorpe.pdf,,,superseded,,
Bombala,Bombala DCP 2012,https://s3-ap-southeast-2.amazonaws.com/shared-drupal-s3fs/master-test/fapub_pdf/BOMBALA/Bombala%20DCP%202012.pdf,,,superseded,,
Botany Bay,Botany Bay DCP 2013 - as amended 2 Aug 2016 -,https://s3-ap-southeast-2.amazonaws.com/shared-drupal-s3fs/master-test/fapub_pdf/_R15/Botany%20Bay%20DCP%202013%20-%20as%20amended%202%20Aug%202016%20-%20SUPERSEDED.pdf,,,superseded,,
Botany Bay,Botany Bay DCP 2013 - as amended 5 Apr 2016 -,https://s3-ap-southeast-2.amazonaws.com/shared-drupal-s3fs/master-test/fapub_pdf/_R15/Botany%20Bay%20DCP%202013%20-%20as%20amended%205%20Apr%202016%20-%20SUPERSEDED.pdf,,,superseded,,
Burwood,Burwood DCP 2013 - Amendment 2 -,https://s3-ap-southeast-2.amazonaws.com/shared-drupal-s3fs/master-test/fapub_pdf/_R2.0/Burwood+DCP+2013+-+Amendment+2+-+SUPERSEDED.pdf,,,superseded,,
Byron Shire,Byron Shire DCP 2014 - as amended 11 Sep 2019,https://shared-drupal-s3fs.s3-ap-southeast-2.amazonaws.com/master-test/fapub_pdf/DCP-CP/BYRON+SHIRE/Combined+DCP+2014+-+last+effective+11+September+2019_S-572.pdf,,,superseded,,
Byron,Byron DCP 2014 - as amended 20 Jul 2017 -,https://s3-ap-southeast-2.amazonaws.com/shared-drupal-s3fs/master-test/fapub_pdf/_R2.0/Byron+DCP+2014+-+as+amended+20+Jul+2017.pdf,,,superseded,,
Byron,Byron DCP 2014 - as amended 29 Oct 2015,https://s3-ap-southeast-2.amazonaws.com/shared-drupal-s3fs/master-test/fapub_pdf/_R2.0/Byron+DCP+2014+-+as+amended+29+Oct+2015+-+SUPERSEDED.pdf,,,superseded,,
Byron,Byron DCP 2010 - as amended 20 Aug 2013,https://s3-ap-southeast-2.amazonaws.com/shared-drupal-s3fs/master-test/fapub_pdf/_R15/Byron%20DCP%202010%20-%20as%20amended%2020%20Aug%202013.pdf,,,superseded,,
Camden,Camden DCP 2011 - as amended 20 Dec 2016,https://s3-ap-southeast-2.amazonaws.com/shared-drupal-s3fs/master-test/fapub_pdf/_R2.0/Camden+DCP+2011+-+as+amended+20+Dec+2016.pdf,,,superseded,,
Campbelltown Sustainable Cities,Campbelltown Sustainable Cities DCP 2015 - Volume 1 - as amended 27 Jul 2016,https://s3-ap-southeast-2.amazonaws.com/shared-drupal-s3fs/master-test/fapub_pdf/_R2.0/Campbelltown+Sustainable+Cities+DCP+2015+-+Volume+1+-+as+amended+27+Jul+2016+-+SUPERSEDED.pdf,,,superseded,,
Campbelltown Sustainable Cities,Campbelltown Sustainable Cities DCP 2015 - Volume 2 -,https://s3-ap-southeast-2.amazonaws.com/shared-drupal-s3fs/master-test/fapub_pdf/_R2.0/Campbelltown+Sustainable+Cities+DCP+2015+-+Volume+2+-+SUPERSEDED.pdf,,,superseded,,
Campbelltown Sustainable Cities,Campbelltown Sustainable Cities DCP 2015 - Volume 3 - as amended 27 Jul 2016,https://s3-ap-southeast-2.amazonaws.com/shared-drupal-s3fs/master-test/fapub_pdf/_R2.0/Campbelltown+Sustainable+Cities+DCP+2015+-+Volume+3+-+as+amended+27+Jul+2016+-+SUPERSEDED.pdf,,,superseded,,
Canada Bay,Canada Bay DCP 2017,https://shared-drupal-s3fs.s3-ap-southeast-2.amazonaws.com/master-test/fapub_pdf/CANADA+BAY/Canada+Bay+DCP+Main+Document+-+Updated+December+2018.pdf,,,superseded,,
Canada Bay,Canada Bay DCP 2013 - as amended 22 Aug 2016 -,https://s3-ap-southeast-2.amazonaws.com/shared-drupal-s3fs/master-test/fapub_pdf/_R2.0/Canada+Bay+DCP+2013+-+as+amended+22+Aug+2016+-+SUPERSEDED.pdf,,,superseded,,
Canada Bay,Canada Bay DCP 2013 - as amended 23 Nov 2015 -,https://s3-ap-southeast-2.amazonaws.com/shared-drupal-s3fs/master-test/fapub_pdf/_R2.0/Canada+Bay+DCP+2013+-+as+amended+23+Nov+2015+-+SUPERSEDED.pdf,,,superseded,,
Canterbury,Canterbury DCP 2012 - as amended 23 Jan 2015,https://s3-ap-southeast-2.amazonaws.com/shared-drupal-s3fs/master-test/fapub_pdf/_R2.0/Canterbury+DCP+2012+-+as+amended+23+Jan+2015+-+SUPERSEDED.pdf,,,superseded,,
Clarence Valley,"Clarence Valley DCP 2011 - EP, Recn and Special Use Zones - as amended 22 Aug 2016",https://shared-drupal-s3fs.s3-ap-southeast-2.amazonaws.com/master-test/fapub_pdf/CLARENCE+VALLEY/Clarence+Valley+DCP+2011+-+EP%2C+Recn+and+Sp+Use+Zones+-+as+amended+22+Aug+2016.pdf,,,superseded,,
Clarence Valley,"Clarence Valley DCP 2011 - EP, Recn and Special Use Zones - as amended 30 Nov 2015 -","https://s3-ap-southeast-2.amazonaws.com/shared-drupal-s3fs/master-test/fapub_pdf/_R15/Clarence%20Valley%20DCP%202011%20-%20EP,%20Recn%20and%20Special%20Use%20Zones%20-%20as%20amended%2030%20Nov%202015%20-%20SUPERSEDED.pdf",,,superseded,,
Cooma-Monaro,Cooma-Monaro DCP 2014 - as amended 23 Mar 2016,https://s3-ap-southeast-2.amazonaws.com/shared-drupal-s3fs/master-test/fapub_pdf/_R15/Cooma-Monaro%20DCP%202014%20-%20as%20amended%2023%20Mar%202016.pdf,,,superseded,,
Deniliquin,Deniliquin DCP 2016,https://shared-drupal-s3fs.s3-ap-southeast-2.amazonaws.com/master-test/fapub_pdf/DENILIQUIN/Deniliquin-DCP-2016.pdf,,,superseded,,
Dungog,Dungog DCP 2004 - as amended 19 Feb 2013,https://s3-ap-southeast-2.amazonaws.com/shared-drupal-s3fs/master-test/fapub_pdf/DUNGOG/Dungog%20DCP%202004%20-%20as%20amended%2019%20Feb%202013.pdf,,,superseded,,
Gloucester,Gloucester DCP 2010 - Amended 2012,https://s3-ap-southeast-2.amazonaws.com/shared-drupal-s3fs/master-test/fapub_pdf/GLOUCESTER/Gloucester%20DCP%202010%20-%20Amended%202012.pdf,,,superseded,,
Gosford,Gosford DCP 2013 - as amended 10 Aug 2017,https://s3-ap-southeast-2.amazonaws.com/shared-drupal-s3fs/master-test/fapub_pdf/_R2.0/Gosford+DCP+2013+-+as+amended+10+Aug+2017.pdf,,,superseded,,
Gosford,Gosford DCP 2013 - as amended 19 Aug 2016 -,https://s3-ap-southeast-2.amazonaws.com/shared-drupal-s3fs/master-test/fapub_pdf/_R2.0/Gosford+DCP+2013+-+as+amended+19+Aug+2016+-+SUPERSEDED.pdf,,,superseded,,
Gosford,Gosford DCP 2013 - as amended 15 April 2016 - .pdf,https://s3-ap-southeast-2.amazonaws.com/shared-drupal-s3fs/master-test/fapub_pdf/_R15/Gosford%20DCP%202013%20-%20as%20amended%2015%20April%202016%20-%20SUPERSEDED.pdf,,,superseded,,
Goulburn Mulwaree,Goulburn Mulwaree DCP 2009 (Amendment 13) - effective 12th Jan 2021,https://shared-drupal-s3fs.s3-ap-southeast-2.amazonaws.com/master-test/fapub_pdf/DCP-CP/GOULBURN+MULWAREE/Goulburn+Mulwaree+DCP+12.01.2021+Am+12_S-2864.pdf,,,superseded,,
Goulburn Mulwaree,Goulburn Mulwaree DCP 2009 - as amended 29 Sep 2020,https://shared-drupal-s3fs.s3-ap-southeast-2.amazonaws.com/master-test/fapub_pdf/DCP-CP/GOULBURN+MULWAREE/Goulburn+Mulwaree+Development+Control+Plan+2009+%2428Amendment+12%2429_S-2113.pdf,,,superseded,,
Goulburn Mulwaree,Goulburn Mulwaree DCP 2009 - as amended 5 June 2020,https://shared-drupal-s3fs.s3-ap-southeast-2.amazonaws.com/master-test/fapub_pdf/DCP-CP/GOULBURN+MULWAREE/GoulburnMulwareeDCP2009Am10_S-1430.pdf,,,superseded,,
Goulburn Mulwaree,Goulburn Mulwaree DCP 2009 - as amended 24 April,https://shared-drupal-s3fs.s3-ap-southeast-2.amazonaws.com/master-test/fapub_pdf/DCP-CP/GOULBURN+MULWAREE/GM_DCP_2009_24_04_2020-Am-9_S-1195.pdf,,,superseded,,
Goulburn Mulwaree,Goulburn Mulwaree DCP 2009 - as amended 14 Nov 2019,https://shared-drupal-s3fs.s3-ap-southeast-2.amazonaws.com/master-test/fapub_pdf/DCP-CP/GOULBURN+MULWAREE/Goulburn+Mulwaree+Development+Control+Plan+2009+%2428Am+8%2429_S-394.pdf,,,superseded,,
Goulburn Mulwaree,Goulburn Mulwaree DCP 2009 - as amended 5 Sep 2019,https://shared-drupal-s3fs.s3-ap-southeast-2.amazonaws.com/master-test/fapub_pdf/GOULBURN+MULWAREE/GM+DCP+2009+Am7+effective+5+Sep+2019_S-91.pdf,,,superseded,,
Goulburn Mulwaree,Goulburn Mulwaree DCP 2009 - as amended 23 Aug 2018,https://s3-ap-southeast-2.amazonaws.com/shared-drupal-s3fs/master-test/fapub_pdf/GOULBURN+MULWAREE/Goulburn+Mulwaree+-DCP+23+August+2018.pdf,,,superseded,,
Goulburn Mulwaree,Goulburn Mulwaree DCP 2009 - as amended 23 Jun 2016,https://s3-ap-southeast-2.amazonaws.com/shared-drupal-s3fs/master-test/fapub_pdf/GOULBURN%20MULWAREE/Goulburn%20Mulwaree%20DCP%202009%20-%20as%20amended%2023%20Jun%202016.pdf,,,superseded,,
Great Lakes,Great Lakes DCP 2014 - as amended 17 Aug 2016,https://s3-ap-southeast-2.amazonaws.com/shared-drupal-s3fs/master-test/fapub_pdf/GREAT%20LAKES/Great%20Lakes%20DCP%202014%20-%20as%20amended%2017%20Aug%202016.pdf,,,superseded,,
Great Lakes,Great Lakes DCP 2014 - as amended 27 Jul 2016 -,https://s3-ap-southeast-2.amazonaws.com/shared-drupal-s3fs/master-test/fapub_pdf/GREAT%20LAKES/Great%20Lakes%20DCP%202014%20-%20as%20amended%2027%20Jul%202016%20-%20SUPERSEDED.pdf,,,superseded,,
Great Lakes,Great Lakes DCP 2014 - as amended 16 Mar 2016 -,https://s3-ap-southeast-2.amazonaws.com/shared-drupal-s3fs/master-test/fapub_pdf/GREAT%20LAKES/Great%20Lakes%20DCP%202014%20-%20as%20amended%2016%20Mar%202016%20-%20SUPERSEDED.pdf,,,superseded,,
Greater Taree,Greater Taree DCP 2010 - Version 9,https://s3-ap-southeast-2.amazonaws.com/shared-drupal-s3fs/master-test/fapub_pdf/GREATER%20TAREE/Greater%20Taree%20DCP%202010%20-%20Version%209.pdf,,,superseded,,
Greatlakes (Midcoast),Greatlakes (Midcoast) DCP - 18 January 2019,https://s3-ap-southeast-2.amazonaws.com/shared-drupal-s3fs/master-test/fapub_pdf/GREAT+LAKES/Greatlakes++(Midcoast)+DCP+-+18+January+2019.pdf,,,superseded,,
Hurstville,Hurstville DCP No. 1 2007 - as amended 12 Jun 2014 -,https://s3-ap-southeast-2.amazonaws.com/shared-drupal-s3fs/master-test/fapub_pdf/HURSTVILLE/Hurstville%20DCP%20No.%201%202007%20-%20as%20amended%20%2012%20Jun%202014%20-%20SUPERSEDED.pdf,,,superseded,,
Inner West: Ashfield,Inner West: Ashfield DCP 2016 - as amended 11 May 2021,https://shared-drupal-s3fs.s3-ap-southeast-2.amazonaws.com/master-test/fapub_pdf/Ashfield+DCP+-+combined_S-3370.pdf,,,superseded,,
Inner West: Leichhardt,Inner West: Leichhardt DCP 2013 - amendment 14 - as amended 11 May 2021,https://shared-drupal-s3fs.s3-ap-southeast-2.amazonaws.com/master-test/fapub_pdf/Combined+Leichhardt+DCP+2013+-+Amendment+14_S-3370.pdf,,,superseded,,
Inner West: Marrickville,Inner West: Marrickville DCP 2011 - as amended 11 May 2021 (PDF),https://shared-drupal-s3fs.s3-ap-southeast-2.amazonaws.com/master-test/fapub_pdf/Marrickville+DCP+combined_S-3370.pdf,,,superseded,,
Inner West: Leichhardt,Inner West: Leichhardt DCP 2000 - as amended 28 Aug 2012,https://s3-ap-southeast-2.amazonaws.com/shared-drupal-s3fs/master-test/fapub_pdf/LEICHHARDT/Leichhardt%20DCP%202000%20-%20as%20amended%2028%20Aug%202012.pdf,,,superseded,,
Junee,Junee DCP 2015,https://s3-ap-southeast-2.amazonaws.com/shared-drupal-s3fs/master-test/fapub_pdf/JUNEE/Junee%20DCP%202015.pdf,,,superseded,,
Kempsey,Kempsey DCP 2013 -,https://s3-ap-southeast-2.amazonaws.com/shared-drupal-s3fs/master-test/fapub_pdf/_R15/Kempsey%20DCP%202013%20-%20SUPERSEDED.pdf,,,superseded,,
Kempsey,Kempsey DCP 2013 - as amended Nov 2017.pdf (PDF),https://shared-drupal-s3fs.s3-ap-southeast-2.amazonaws.com/master-test/fapub_pdf/INVERELL/kempsey-development-control-plan-2013.pdf,,,superseded,,
Kiama,Kiama DCP 2012 - as amended 1 Jun 2016 -,https://s3-ap-southeast-2.amazonaws.com/shared-drupal-s3fs/master-test/fapub_pdf/_R15/Kiama%20DCP%202012%20-%20as%20amended%201%20Jun%202016%20-%20SUPERSEDED.pdf,,,superseded,,
Kiama,Kiama DCP 2012 - as amended 13 Aug 2016,https://s3-ap-southeast-2.amazonaws.com/shared-drupal-s3fs/master-test/fapub_pdf/_R15/Kiama%20DCP%202012%20-%20as%20amended%2013%20Aug%202016.pdf,,,superseded,,
Ku-ring-gai,Ku-ring-gai DCP 2016,https://s3-ap-southeast-2.amazonaws.com/shared-drupal-s3fs/master-test/fapub_pdf/KU-RING-GAI/Ku-ring-gai%20DCP%202016.pdf,,,superseded,,
Ku-ring-gai,Ku-ring-gai DCP 2016 - as amended 2 Feb 2018,https://s3-ap-southeast-2.amazonaws.com/shared-drupal-s3fs/master-test/fapub_pdf/KU-RING-GAI/Ku-ring-gai+DCP+2016+-+as+amended+2+Feb+2018.pdf,,,superseded,,
Lachlan,Lachlan DCP 201,https://s3-ap-southeast-2.amazonaws.com/shared-drupal-s3fs/master-test/fapub_pdf/_R15/Lachlan%20DCP%202015.pdf,,,superseded,,
8,8,https://shared-drupal-s3fs.s3-ap-southeast-2.amazonaws.com/master-test/fapub_pdf/LACHLAN/Final-Lachlan-Shire-DCP-October-2018.pdf,,,superseded,,
Lake Macquarie,Lake Macquarie DCP 2014 - as amended 4 Sep 2020,https://shared-drupal-s3fs.s3-ap-southeast-2.amazonaws.com/master-test/fapub_pdf/DCP-CP/LAKE+MACQUARIE/Lake+Macquarie+DCP+2014+-+Revision+24+-+Adopted+9+March+2020_S-2015.pdf,,,superseded,,
Lake Macquarie -,Lake Macquarie - DCP 2014 - Revision 20 - 2018,https://s3-ap-southeast-2.amazonaws.com/shared-drupal-s3fs/master-test/fapub_pdf/LAKE+MACQUARIE/Lake+Macquarie+-+DCP+2014+-+Revision+20.pdf,,,superseded,,
Lake Macquarie,Lake Macquarie DCP 2014 - Revision 19,https://s3-ap-southeast-2.amazonaws.com/shared-drupal-s3fs/master-test/fapub_pdf/LAKE+MACQUARIE/Lake+Macquarie+DCP+2014+-+Revision+19.pdf,,,superseded,,
Lake Macquarie,Lake Macquarie DCP 2014 - Revision 18,https://s3-ap-southeast-2.amazonaws.com/shared-drupal-s3fs/master-test/fapub_pdf/LAKE+MACQUARIE/Lake+Macquarie+DCP+2014+-+Revision+18.pdf,,,superseded,,
Lake Macquarie,Lake Macquarie DCP 2014 - Revision 17,https://s3-ap-southeast-2.amazonaws.com/shared-drupal-s3fs/master-test/fapub_pdf/LAKE+MACQUARIE/Lake+Macquarie+DCP+2014+-+Revision+17.pdf,,,superseded,,
Lake Macquarie,Lake Macquarie DCP 2014 - as amended 19 Sep 2016,https://s3-ap-southeast-2.amazonaws.com/shared-drupal-s3fs/master-test/fapub_pdf/_R15/Lake%20Macquarie%20DCP%202014%20-%20as%20amended%2019%20Sep%202016.pdf,,,superseded,,
Lake Macquarie,Lake Macquarie DCP 2014 - Revision 10 -,https://s3-ap-southeast-2.amazonaws.com/shared-drupal-s3fs/master-test/fapub_pdf/_R15/Lake%20Macquarie%20DCP%202014%20-%20Revision%2010%20-%20SUPERSEDED.pdf,,,superseded,,
Leichhardt,Leichhardt DCP 2013 - as amended 31 May 2016,https://s3-ap-southeast-2.amazonaws.com/shared-drupal-s3fs/master-test/fapub_pdf/LEICHHARDT/Leichhardt%20DCP%202013%20-%20as%20amended%2031%20May%202016.pdf,,,superseded,,
Liverpool,Liverpool DCP 2008 - as amended 2 Nov 2016,https://s3-ap-southeast-2.amazonaws.com/shared-drupal-s3fs/master-test/fapub_pdf/_R15/Liverpool%20DCP%202008%20-%20as%20amended%202%20Nov%202016.pdf,,,superseded,,
Liverpool,Liverpool DCP 2008 - as amended 10 Jun 2016,https://s3-ap-southeast-2.amazonaws.com/shared-drupal-s3fs/master-test/fapub_pdf/LIVERPOOL/Liverpool%20DCP%202008%20-%20as%20amended%2010%20Jun%202016.pdf,,,superseded,,
Maitland,Maitland DCP 2011 - as amended 7 Apr 2016 -,https://s3-ap-southeast-2.amazonaws.com/shared-drupal-s3fs/master-test/fapub_pdf/MAITLAND/Maitland%20DCP%202011%20-%20as%20amended%207%20Apr%202016%20-%20SUPERSEDED.pdf,,,superseded,,
Manly,Manly DCP 2013 - as amended 24 Sep 2016,https://s3-ap-southeast-2.amazonaws.com/shared-drupal-s3fs/master-test/fapub_pdf/_R15/Manly%20DCP%202013%20-%20as%20amended%2024%20Sep%202016.pdf,,,superseded,,
Manly,Manly DCP 2013 - as amended 12 Dec 2015.pdf -,https://s3-ap-southeast-2.amazonaws.com/shared-drupal-s3fs/master-test/fapub_pdf/_R15/Manly%20DCP%202013%20-%20as%20amended%2012%20Dec%202015%20-%20SUPERSEDED.pdf,,,superseded,,
Marrickville,Marrickville DCP 2011 - as amended 5 Feb 2016,https://s3-ap-southeast-2.amazonaws.com/shared-drupal-s3fs/master-test/fapub_pdf/_R15/Marrickville%20DCP%202011%20-%20as%20amended%205%20Feb%202016.pdf,,,superseded,,
Mid-Western Regional,Mid-Western Regional DCP 2013 - amendment 4,https://shared-drupal-s3fs.s3-ap-southeast-2.amazonaws.com/master-test/fapub_pdf/DCP-CP/MID-WESTERN+REGIONAL/DCP+Amendment+4_S-411.pdf,,,superseded,,
Mid-Western Regional,Mid-Western Regional DCP 2013 - Amendment 2,https://s3-ap-southeast-2.amazonaws.com/shared-drupal-s3fs/master-test/fapub_pdf/MID-WESTERN%20REGIONAL/Mid-Western%20Regional%20DCP%202013%20-%20Amendment%202.pdf,,,superseded,,
Narrabri,Narrabri DCP 1987 - Landfill Development - Amendment2,https://s3-ap-southeast-2.amazonaws.com/shared-drupal-s3fs/master-test/fapub_pdf/NARRABRI/Narrabri+DCP+1987+-+Landfill+Development+%E2%80%93+Amendment2.pdf,,,superseded,,
Narrabri,Narrabri DCP 1993 - Industrial Development - as adopted 16 May 2006,https://s3-ap-southeast-2.amazonaws.com/shared-drupal-s3fs/master-test/fapub_pdf/NARRABRI/Narrabri%20DCP%201993%20-%20Industrial%20Development%20-%20as%20adopted%2016%20May%202006.pdf,,,superseded,,
Narrabri,Narrabri DCP 1993 - Medium Density Development,https://s3-ap-southeast-2.amazonaws.com/shared-drupal-s3fs/master-test/fapub_pdf/NARRABRI/Narrabri%20DCP%201993%20-%20Medium%20Density%20Development.pdf,,,superseded,,
Narrabri,Narrabri DCP 1993 - Parking - as adopted 3 December 2013,https://s3-ap-southeast-2.amazonaws.com/shared-drupal-s3fs/master-test/fapub_pdf/NARRABRI/Narrabri%20DCP%201993%20-%20Parking%20-%20as%20adopted%203%20December%202013.pdf,,,superseded,,
Narrabri,Narrabri DCP 1993 - Subdivision,https://s3-ap-southeast-2.amazonaws.com/shared-drupal-s3fs/master-test/fapub_pdf/NARRABRI/Narrabri%20DCP%201993%20-%20Subdivision.pdf,,,superseded,,
Narrabri,Narrabri DCP 2000 - Exempt and Complying Development,https://s3-ap-southeast-2.amazonaws.com/shared-drupal-s3fs/master-test/fapub_pdf/NARRABRI/Narrabri%20DCP%202000%20-%20Exempt%20and%20Complying%20Development.pdf,,,superseded,,
Narrabri,Narrabri DCP 2000 - Outdoor Advertising,https://s3-ap-southeast-2.amazonaws.com/shared-drupal-s3fs/master-test/fapub_pdf/NARRABRI/Narrabri%20DCP%202000%20-%20Outdoor%20Advertising.pdf,,,superseded,,
Narrabri,Narrabri DCP 2005 - Notification Policy,https://s3-ap-southeast-2.amazonaws.com/shared-drupal-s3fs/master-test/fapub_pdf/NARRABRI/Narrabri%20DCP%202005%20-%20Notification%20Policy.pdf,,,superseded,,
Narrabri,Narrabri DCP 2006 - Transportable Homes,https://s3-ap-southeast-2.amazonaws.com/shared-drupal-s3fs/master-test/fapub_pdf/NARRABRI/Narrabri%20DCP%202006%20-%20Transportable%20Homes.pdf,,,superseded,,
Narrabri DCPs,Narrabri DCPs 1996,https://s3-ap-southeast-2.amazonaws.com/shared-drupal-s3fs/master-test/fapub_pdf/NARRABRI/Narrabri%20DCPs%201996.pdf,,,superseded,,
Newcastle,Newcastle DCP 2012 - as amended 9 May 2016,https://s3-ap-southeast-2.amazonaws.com/shared-drupal-s3fs/master-test/fapub_pdf/NEWCASTLE/Newcastle%20DCP%202012%20-%20as%20amended%209%20May%202016.pdf,,,superseded,,
North Sydney,North Sydney DCP 2013 - as amended 14 Sep 2020,https://shared-drupal-s3fs.s3-ap-southeast-2.amazonaws.com/master-test/fapub_pdf/DCP-CP/NORTH+SYDNEY/NSDCP+2013+%2428Whole%2429+as+amended+14+Sep+2020_S-2051.pdf,,,superseded,,
North Sydney,North Sydney DCP 2013 - as amended 2 July 2020,https://shared-drupal-s3fs.s3-ap-southeast-2.amazonaws.com/master-test/fapub_pdf/DCP-CP/NORTH+SYDNEY/1_North+Sydney+DCP+2013_DCP2013_Whole_20200702_As+amended_S-1584.pdf,,,superseded,,
North Sydney,North Sydney DCP 2013 - as amended 12 March 2020,https://shared-drupal-s3fs.s3-ap-southeast-2.amazonaws.com/master-test/fapub_pdf/DCP-CP/NORTH+SYDNEY/North+Sydney+DCP+2013+-+as+amended+12+March_20200312_As+amended_S-990.pdf,,,superseded,,
North Sydney,North Sydney DCP 2013 - as amended 5 Dec 2019,https://shared-drupal-s3fs.s3-ap-southeast-2.amazonaws.com/master-test/fapub_pdf/DCP-CP/NORTH+SYDNEY/3_NSDCP2013_Whole_20191205_As+amended_S-558.pdf,,,superseded,,
North Sydney,North Sydney DCP 2013 - as amended 15 Mar 2018,https://s3-ap-southeast-2.amazonaws.com/shared-drupal-s3fs/master-test/fapub_pdf/NORTH+SYDNEY/North+Sydney+DCP+2013+-+as+amended+15+Mar+2018.pdf,,,superseded,,
North Sydney,North Sydney DCP 2013 - as amended 13 Oct 2016,https://s3-ap-southeast-2.amazonaws.com/shared-drupal-s3fs/master-test/fapub_pdf/_R15/North%20Sydney%20DCP%202013%20-%20as%20amended%2013%20Oct%202016.pdf,,,superseded,,
North Sydney,North Sydney DCP 2013 - as amended 7 Jul 2016 -,https://s3-ap-southeast-2.amazonaws.com/shared-drupal-s3fs/master-test/fapub_pdf/_R15/North%20Sydney%20DCP%202013%20-%20as%20amended%207%20Jul%202016%20-%20SUPERSEDED.pdf,,,superseded,,
North Sydney,North Sydney DCP 2013 - amended 5 Nov 2015 -,https://s3-ap-southeast-2.amazonaws.com/shared-drupal-s3fs/master-test/fapub_pdf/_R15/North%20Sydney%20DCP%202013%20-%20amended%205%20Nov%202015%20-%20SUPERSEDED.pdf,,,superseded,,
North Sydney,North Sydney DCP as amended 10 June 2022,https://www.planningportal.nsw.gov.au/sites/default/files/documents/2022/NSDCP%202013_20220610_As%20amended_S-4877.pdf,,,superseded,,
Palerang,Palerang DCP 2015,https://s3-ap-southeast-2.amazonaws.com/shared-drupal-s3fs/master-test/fapub_pdf/PALERANG/Palerang%20DCP%202015.pdf,,,superseded,,
Parramatta,Parramatta DCP 2011 - as amended 13 March 2020,https://shared-drupal-s3fs.s3-ap-southeast-2.amazonaws.com/master-test/fapub_pdf/DCP-CP/PARRAMATTA/Parramatta+DCP+2011+-+as+amended+13+March+2020_S-1002.pdf,,,superseded,,
Parramatta,Parramatta DCP 2011 - as amended 22 Jul 2016,https://s3-ap-southeast-2.amazonaws.com/shared-drupal-s3fs/master-test/fapub_pdf/_R15/Parramatta%20DCP%202011%20-%20as%20amended%2022%20Jul%202016.pdf,,,superseded,,
Penrith,Penrith DCP 2014 - Volume 1 -,https://s3-ap-southeast-2.amazonaws.com/shared-drupal-s3fs/master-test/fapub_pdf/PENRITH/Penrith%20DCP%202014%20-%20Volume%201%20-%20SUPERSEDED.pdf,,,superseded,,
Pittwater,Pittwater DCP 21 2004 - as amended 14 Nov 2015,https://s3-ap-southeast-2.amazonaws.com/shared-drupal-s3fs/master-test/fapub_pdf/PITTWATER/Pittwater%20DCP%2021%202004%20-%20as%20amended%2014%20Nov%202015.pdf,,,superseded,,
Port Macquarie-Hastings,Port Macquarie-Hastings DCP 2013 - as amended 17 June 2020,https://shared-drupal-s3fs.s3-ap-southeast-2.amazonaws.com/master-test/fapub_pdf/DCP-CP/PORT+MACQUARIE-HASTINGS/DCP+2013+-+As+at+17+June+2020_S-1466.pdf,,,superseded,,
Port Macquarie-Hastings,Port Macquarie-Hastings DCP 2013 - as amended 15 Jan 2016.pdf,https://s3-ap-southeast-2.amazonaws.com/shared-drupal-s3fs/master-test/fapub_pdf/PORT%20MACQUARIE-HASTINGS/Port%20Macquarie-Hastings%20DCP%202013%20-%20as%20amended%2015%20Jan%202016.pdf,,,superseded,,
Port Stephens,Port Stephens DCP 2014 - as amended 5 Sept 2019,https://shared-drupal-s3fs.s3-ap-southeast-2.amazonaws.com/master-test/fapub_pdf/PORT+STEPHENS/Port+Stephens+Development+Control+Plan+2014+(Amendment+No.+9).PDF,,,superseded,,
Port Stephens,Port Stephens DCP 2014 (Amendment No 4) - as amended 22 Feb 2018,https://s3-ap-southeast-2.amazonaws.com/shared-drupal-s3fs/master-test/fapub_pdf/PORT+STEPHENS/Port+Stephens+DCP+2014+(Amendment+No+4)+22+Feb+2018.PDF,,,superseded,,
Port Stephens,Port Stephens DCP 2014 - as amended 10 Dec 2015,https://s3-ap-southeast-2.amazonaws.com/shared-drupal-s3fs/master-test/fapub_pdf/PORT%20STEPHENS/Port%20Stephens%20DCP%202014%20-%20as%20amended%2010%20Dec%202015.pdf,,,superseded,,
Queanbeyan,Queanbeyan DCP 2012 - as amended 6 Nov 2015,https://s3-ap-southeast-2.amazonaws.com/shared-drupal-s3fs/master-test/fapub_pdf/QUEANBEYAN/Queanbeyan%20DCP%202012%20-%20as%20amended%206%20Nov%202015.pdf,,,superseded,,
Queanbeyan,Queanbeyan DCP 2010 - Googong - as amended 13 Nov 2015,https://s3-ap-southeast-2.amazonaws.com/shared-drupal-s3fs/master-test/fapub_pdf/_R15/Queanbeyan%20DCP%202010%20-%20Googong%20-%20as%20amended%2013%20Nov%202015.pdf,,,superseded,,
Richmond Valley,Richmond Valley DCP 2015,https://s3-ap-southeast-2.amazonaws.com/shared-drupal-s3fs/master-test/fapub_pdf/RICHMOND%20VALLEY/Richmond%20Valley%20DCP%202015.pdf,,,superseded,,
Ryde,Ryde DCP 2014 - as amended 11 Sep 2015 -,https://s3-ap-southeast-2.amazonaws.com/shared-drupal-s3fs/master-test/fapub_pdf/RYDE/Ryde%20DCP%202014%20-%20as%20amended%2011%20Sep%202015%20-%20SUPERSEDED.pdf,,,superseded,,
Shellharbour,Shellharbour DCP 2013 - as amended 6 July 2016,https://s3-ap-southeast-2.amazonaws.com/shared-drupal-s3fs/master-test/fapub_pdf/SHELLHARBOUR/Shellharbour+DCP+2013+%E2%80%93+as+amended+6+July+2016.pdf,,,superseded,,
Shoalhaven,Shoalhaven DCP 2014 - as amended 4 May 2016 -,https://s3-ap-southeast-2.amazonaws.com/shared-drupal-s3fs/master-test/fapub_pdf/SHOALHAVEN/Shoalhaven%20DCP%202014%20-%20as%20amended%204%20May%202016%20-%20SUPERSEDED.pdf,,,superseded,,
Snowy River,Snowy River DCP 2013 - as amended 13 Oct 2015,https://s3-ap-southeast-2.amazonaws.com/shared-drupal-s3fs/master-test/fapub_pdf/SNOWY%20RIVER/Snowy%20River%20DCP%202013%20-%20as%20amended%2013%20Oct%202015.pdf,,,superseded,,
Strathfield,Strathfield DCP 2005 - as amended 28 Jul 2015,https://s3-ap-southeast-2.amazonaws.com/shared-drupal-s3fs/master-test/fapub_pdf/STRATHFIELD/Strathfield%20DCP%202005%20-%20as%20amended%2028%20Jul%202015.pdf,,,superseded,,
Strathfield,Strathfield DCP No. 13 2006 - Strathfield Town Centre,https://s3-ap-southeast-2.amazonaws.com/shared-drupal-s3fs/master-test/fapub_pdf/STRATHFIELD/Strathfield%20DCP%20No.%2013%202006%20-%20Strathfield%20Town%20Centre.pdf,,,superseded,,
Strathfield,"Strathfield DCP No. 14 2006 - Part Lot 1 and Lot 2, DP 711168, Davidson Street, Greenacre","https://s3-ap-southeast-2.amazonaws.com/shared-drupal-s3fs/master-test/fapub_pdf/STRATHFIELD/Strathfield%20DCP%20No.%2014%202006%20-%20Part%20Lot%201%20and%20Lot%202,%20DP%20711168,%20Davidson%20Street,%20Greenacre.pdf",,,superseded,,
Strathfield,Strathfield DCP No. 20 2006 - Parramatta Road Corridor Area,https://s3-ap-southeast-2.amazonaws.com/shared-drupal-s3fs/master-test/fapub_pdf/STRATHFIELD/Strathfield%20DCP%20No.%2020%202006%20-%20Parramatta%20Road%20Corridor%20Area.pdf,,,superseded,,
Strathfield,"Strathfield DCP No. 25 2006 - 79 Courallie Avenue, Homebush West","https://s3-ap-southeast-2.amazonaws.com/shared-drupal-s3fs/master-test/fapub_pdf/STRATHFIELD/Strathfield%20DCP%20No.%2025%202006%20-%2079%20Courallie%20Avenue,%20Homebush%20West.pdf",,,superseded,,
Strathfield S94 levies,Strathfield S94 levies - CPI Indexation of Levies,https://s3-ap-southeast-2.amazonaws.com/shared-drupal-s3fs/master-test/fapub_pdf/STRATHFIELD/Strathfield%20S94%20levies%20-%20CPI%20Indexation%20of%20Levies.pdf,,,superseded,,
Sydney,Sydney DCP 2012 - as amended 6 May 2016 - Text,https://s3-ap-southeast-2.amazonaws.com/shared-drupal-s3fs/master-test/fapub_pdf/SYDNEY/Sydney%20DCP%202012%20-%20as%20amended%206%20May%202016%20-%20Text.pdf,,,superseded,,
Tamworth Regional,Tamworth Regional DCP 2010 - Amendment 12,https://shared-drupal-s3fs.s3-ap-southeast-2.amazonaws.com/master-test/fapub_pdf/TAMWORTH+REGIONAL/2017-256131+Tamworth+Regional+Development+Control+Plan+2010+-+Amendment+No+12.pdf,,,superseded,,
Tamworth Regional,Tamworth Regional DCP 2010 - Amendment 8,https://s3-ap-southeast-2.amazonaws.com/shared-drupal-s3fs/master-test/fapub_pdf/TAMWORTH%20REGIONAL/Tamworth%20Regional%20DCP%202010%20-%20Amendment%209.pdf,,,superseded,,
The Hills,The Hills DCP 2012 - as amended 21 Oct 2016,https://s3-ap-southeast-2.amazonaws.com/shared-drupal-s3fs/master-test/fapub_pdf/_R15/The%20Hills%20DCP%202012%20-%20as%20amended%2021%20Oct%202016.pdf,,,superseded,,
The Hills,The Hills DCP 2012 - as amended 24 May 2016 -,https://s3-ap-southeast-2.amazonaws.com/shared-drupal-s3fs/master-test/fapub_pdf/_R15/The%20Hills%20DCP%202012%20-%20as%20amended%2024%20May%202016%20-%20SUPERSEDED.pdf,,,superseded,,
Uralla,Uralla DCP 2011 - Version 4 -,https://s3-ap-southeast-2.amazonaws.com/shared-drupal-s3fs/master-test/fapub_pdf/_R15/Uralla%20DCP%202011%20-%20Version%204%20-%20SUPERSEDED.pdf,,,superseded,,
Wagga Wagga,Wagga Wagga DCP 2010 - as amended 4 Apr 2015 -,https://s3-ap-southeast-2.amazonaws.com/shared-drupal-s3fs/master-test/fapub_pdf/_R15/Wagga%20Wagga%20DCP%202010%20-%20as%20amended%204%20Apr%202015%20-%20SUPERSEDED.pdf,,,superseded,,
Warringah,Warringah DCP 2011 - as amended 28 Feb 2020,https://shared-drupal-s3fs.s3-ap-southeast-2.amazonaws.com/master-test/fapub_pdf/DCP-CP/WARRINGAH/Warringah+DCP+2011+-+Amendment+17_S-908.pdf,,,superseded,,
Warringah,Warringah DCP 2011 - as amended 1 Dec 2019,https://shared-drupal-s3fs.s3-ap-southeast-2.amazonaws.com/master-test/fapub_pdf/DCP-CP/WARRINGAH/Warringah+DCP+2011_S-508.pdf,,,superseded,,
Warringah,Warringah DCP 2011 - as amended 7 May 2016,https://s3-ap-southeast-2.amazonaws.com/shared-drupal-s3fs/master-test/fapub_pdf/_R15/Warringah%20DCP%202011%20-%20as%20amended%207%20May%202016.pdf,,,superseded,,
Warringah,Warringah DCP 2000 - as amended 20 Oct 2018,https://shared-drupal-s3fs.s3-ap-southeast-2.amazonaws.com/master-test/fapub_pdf/DCP-CP/WARRINGAH/Warringah+-+Development+Control+Plan+-+2000_S-276.pdf,,,superseded,,
Warringah,Warringah DCP 2000 - Notification - as amended 21 Feb 2015,https://s3-ap-southeast-2.amazonaws.com/shared-drupal-s3fs/master-test/fapub_pdf/_R15/Warringah%20DCP%202000%20-%20Notification%20-%20as%20amended%2021%20Feb%202015.pdf,,,superseded,,
Waverley,Waverley DCP 2012 - as amended 13 Jan 2016 -,https://s3-ap-southeast-2.amazonaws.com/shared-drupal-s3fs/master-test/fapub_pdf/_R15/Waverley%20DCP%202012%20-%20as%20amended%2013%20Jan%202016%20-%20SUPERSEDED.pdf,,,superseded,,
Western Sydney Aerotropolis,Western Sydney Aerotropolis DCP - Phase 1,https://shared-drupal-s3fs.s3-ap-southeast-2.amazonaws.com/master-test/fapub_pdf/00-Western+Sydney+Aerotropolis/000-Final+Planning+Package/Final+Documents/Western+Sydney+Aerotropolis+DCP+-+Phase+1.pdf,,,superseded,,
Willoughby,Willoughby DCP 2006 - Amendment 27,https://s3-ap-southeast-2.amazonaws.com/shared-drupal-s3fs/master-test/fapub_pdf/_R15/Willoughby%20DCP%202006%20-%20Amendment%2027.pdf,,,superseded,,
Wollondilly,Wollondilly DCP 2016 - as amended 30 Oct 2019,https://shared-drupal-s3fs.s3-ap-southeast-2.amazonaws.com/master-test/fapub_pdf/DCP-CP/WOLLONDILLY/Wollondilly+DCP+2016+-+Volumes+1-8_S-316.PDF,,,superseded,,
Wollondilly,Wollondilly DCP 2016 - as amended 2,https://s3-ap-southeast-2.amazonaws.com/shared-drupal-s3fs/master-test/fapub_pdf/WOLLONDILLY/Wollondilly+DCP+2016+-+as+amended+10+Jan+2018.pdf,,,superseded,,
8 Aug,8 Aug 2019,https://shared-drupal-s3fs.s3-ap-southeast-2.amazonaws.com/master-test/fapub_pdf/WOLLONDILLY/UPDATED-Combined-Volumes-1-8-Current-as-of-28-August-2019.pdf,,,superseded,,
Wollondilly,Wollondilly DCP 2016,https://s3-ap-southeast-2.amazonaws.com/shared-drupal-s3fs/master-test/fapub_pdf/WOLLONDILLY/Wollondilly%20DCP%202016.pdf,,,superseded,,
Wollongong,Wollongong DCP 2009 - as amended 23 Mar 2016,https://s3-ap-southeast-2.amazonaws.com/shared-drupal-s3fs/master-test/fapub_pdf/WOLLONGONG/Wollongong%20DCP%202009%20-%20as%20amended%2023%20Mar%202016.pdf,,,superseded,,
Woollahra,Woollahra DCP 2015 - as amended 2 Jan 2020,https://shared-drupal-s3fs.s3-ap-southeast-2.amazonaws.com/master-test/fapub_pdf/DCP-CP/WOOLLAHRA/Woollahra+DCP+2015+-+as+amended+2+Jan+2020,,,superseded,,
Woollahra,Woollahra DCP 2015,https://s3-ap-southeast-2.amazonaws.com/shared-drupal-s3fs/master-test/fapub_pdf/_R2.0/Woollahra+DCP+2015+-+SUPERSEDED.pdf,,,superseded,,
Wyong,Wyong DCP 2013 - as amended 20 July 2018,https://s3-ap-southeast-2.amazonaws.com/shared-drupal-s3fs/master-test/fapub_pdf/WYONG/Wyong+DCP+2013+-+as+amended+20+July+2018.pdf,,,superseded,,
Wyong,Wyong DCP 2013 - as amended 11 Aug 2017,https://s3-ap-southeast-2.amazonaws.com/shared-drupal-s3fs/master-test/fapub_pdf/_R2.0/Wyong+DCP+2013+-+as+amended+11+Aug+2017.pdf,,,superseded,,
Wyong,Wyong DCP 2013 - as amended 13 Jul 2016 -,https://s3-ap-southeast-2.amazonaws.com/shared-drupal-s3fs/master-test/fapub_pdf/_R2.0/Wyong+DCP+2013+-+as+amended+13+Jul+2016+-+SUPERSEDED.pdf,,,superseded,,
